,value,lead_time,target_variable,metric,target_source,forecast_source,case_id_number,event_type
0,0.50372314453125,0 days 00:00:00,surface_air_temperature,MinimumMAE,ERA5,zarr_forecast,30,freeze
1,1.381988525390625,0 days 06:00:00,surface_air_temperature,MinimumMAE,ERA5,zarr_forecast,30,freeze
2,0.07476806640625,0 days 12:00:00,surface_air_temperature,MinimumMAE,ERA5,zarr_forecast,30,freeze
3,1.355133056640625,0 days 18:00:00,surface_air_temperature,MinimumMAE,ERA5,zarr_forecast,30,freeze
4,0.21807861328125,1 days 00:00:00,surface_air_temperature,MinimumMAE,ERA5,zarr_forecast,30,freeze
5,1.9483642578125,1 days 06:00:00,surface_air_temperature,MinimumMAE,ERA5,zarr_forecast,30,freeze
6,0.619049072265625,1 days 12:00:00,surface_air_temperature,MinimumMAE,ERA5,zarr_forecast,30,freeze
7,1.699188232421875,1 days 18:00:00,surface_air_temperature,MinimumMAE,ERA5,zarr_forecast,30,freeze
8,0.3084716796875,2 days 00:00:00,surface_air_temperature,MinimumMAE,ERA5,zarr_forecast,30,freeze
9,1.758575439453125,2 days 06:00:00,surface_air_temperature,MinimumMAE,ERA5,zarr_forecast,30,freeze
10,0.7384033203125,2 days 12:00:00,surface_air_temperature,MinimumMAE,ERA5,zarr_forecast,30,freeze
11,1.88494873046875,2 days 18:00:00,surface_air_temperature,MinimumMAE,ERA5,zarr_forecast,30,freeze
12,0.670379638671875,3 days 00:00:00,surface_air_temperature,MinimumMAE,ERA5,zarr_forecast,30,freeze
13,1.288238525390625,3 days 06:00:00,surface_air_temperature,MinimumMAE,ERA5,zarr_forecast,30,freeze
14,0.202362060546875,3 days 12:00:00,surface_air_temperature,MinimumMAE,ERA5,zarr_forecast,30,freeze
15,2.116455078125,3 days 18:00:00,surface_air_temperature,MinimumMAE,ERA5,zarr_forecast,30,freeze
16,0.432586669921875,4 days 00:00:00,surface_air_temperature,MinimumMAE,ERA5,zarr_forecast,30,freeze
17,1.161407470703125,4 days 06:00:00,surface_air_temperature,MinimumMAE,ERA5,zarr_forecast,30,freeze
18,0.5830078125,4 days 12:00:00,surface_air_temperature,MinimumMAE,ERA5,zarr_forecast,30,freeze
19,2.5751953125,4 days 18:00:00,surface_air_temperature,MinimumMAE,ERA5,zarr_forecast,30,freeze
20,0.82440185546875,5 days 00:00:00,surface_air_temperature,MinimumMAE,ERA5,zarr_forecast,30,freeze
21,1.399749755859375,5 days 06:00:00,surface_air_temperature,MinimumMAE,ERA5,zarr_forecast,30,freeze
22,0.29620361328125,5 days 12:00:00,surface_air_temperature,MinimumMAE,ERA5,zarr_forecast,30,freeze
23,1.684356689453125,5 days 18:00:00,surface_air_temperature,MinimumMAE,ERA5,zarr_forecast,30,freeze
24,0.31243896484375,6 days 00:00:00,surface_air_temperature,MinimumMAE,ERA5,zarr_forecast,30,freeze
25,4.20123291015625,6 days 06:00:00,surface_air_temperature,MinimumMAE,ERA5,zarr_forecast,30,freeze
26,2.447235107421875,6 days 12:00:00,surface_air_temperature,MinimumMAE,ERA5,zarr_forecast,30,freeze
27,7.012664794921875,6 days 18:00:00,surface_air_temperature,MinimumMAE,ERA5,zarr_forecast,30,freeze
28,4.906829833984375,7 days 00:00:00,surface_air_temperature,MinimumMAE,ERA5,zarr_forecast,30,freeze
29,8.090850830078125,7 days 06:00:00,surface_air_temperature,MinimumMAE,ERA5,zarr_forecast,30,freeze
30,6.8173828125,7 days 12:00:00,surface_air_temperature,MinimumMAE,ERA5,zarr_forecast,30,freeze
31,7.778167724609375,7 days 18:00:00,surface_air_temperature,MinimumMAE,ERA5,zarr_forecast,30,freeze
32,6.1207275390625,8 days 00:00:00,surface_air_temperature,MinimumMAE,ERA5,zarr_forecast,30,freeze
33,13.487548828125,8 days 06:00:00,surface_air_temperature,MinimumMAE,ERA5,zarr_forecast,30,freeze
34,11.9832763671875,8 days 12:00:00,surface_air_temperature,MinimumMAE,ERA5,zarr_forecast,30,freeze
35,21.298736572265625,8 days 18:00:00,surface_air_temperature,MinimumMAE,ERA5,zarr_forecast,30,freeze
36,17.814727783203125,9 days 00:00:00,surface_air_temperature,MinimumMAE,ERA5,zarr_forecast,30,freeze
37,16.2520751953125,9 days 06:00:00,surface_air_temperature,MinimumMAE,ERA5,zarr_forecast,30,freeze
38,12.677978515625,9 days 12:00:00,surface_air_temperature,MinimumMAE,ERA5,zarr_forecast,30,freeze
39,7.49639892578125,9 days 18:00:00,surface_air_temperature,MinimumMAE,ERA5,zarr_forecast,30,freeze
40,4.723236083984375,10 days 00:00:00,surface_air_temperature,MinimumMAE,ERA5,zarr_forecast,30,freeze
41,1.3573517799377441,0 days 00:00:00,surface_air_temperature,RMSE,ERA5,zarr_forecast,30,freeze
42,1.6845016479492188,0 days 06:00:00,surface_air_temperature,RMSE,ERA5,zarr_forecast,30,freeze
43,2.4802358150482178,0 days 12:00:00,surface_air_temperature,RMSE,ERA5,zarr_forecast,30,freeze
44,2.7333295345306396,0 days 18:00:00,surface_air_temperature,RMSE,ERA5,zarr_forecast,30,freeze
45,3.8141281604766846,1 days 00:00:00,surface_air_temperature,RMSE,ERA5,zarr_forecast,30,freeze
46,4.234475612640381,1 days 06:00:00,surface_air_temperature,RMSE,ERA5,zarr_forecast,30,freeze
47,5.109194755554199,1 days 12:00:00,surface_air_temperature,RMSE,ERA5,zarr_forecast,30,freeze
48,5.474504470825195,1 days 18:00:00,surface_air_temperature,RMSE,ERA5,zarr_forecast,30,freeze
49,6.128818988800049,2 days 00:00:00,surface_air_temperature,RMSE,ERA5,zarr_forecast,30,freeze
50,6.368788242340088,2 days 06:00:00,surface_air_temperature,RMSE,ERA5,zarr_forecast,30,freeze
51,6.596695423126221,2 days 12:00:00,surface_air_temperature,RMSE,ERA5,zarr_forecast,30,freeze
52,6.560412883758545,2 days 18:00:00,surface_air_temperature,RMSE,ERA5,zarr_forecast,30,freeze
53,6.821717739105225,3 days 00:00:00,surface_air_temperature,RMSE,ERA5,zarr_forecast,30,freeze
54,6.735020637512207,3 days 06:00:00,surface_air_temperature,RMSE,ERA5,zarr_forecast,30,freeze
55,6.991378307342529,3 days 12:00:00,surface_air_temperature,RMSE,ERA5,zarr_forecast,30,freeze
56,7.189976692199707,3 days 18:00:00,surface_air_temperature,RMSE,ERA5,zarr_forecast,30,freeze
57,7.497832775115967,4 days 00:00:00,surface_air_temperature,RMSE,ERA5,zarr_forecast,30,freeze
58,7.746973037719727,4 days 06:00:00,surface_air_temperature,RMSE,ERA5,zarr_forecast,30,freeze
59,8.059615135192871,4 days 12:00:00,surface_air_temperature,RMSE,ERA5,zarr_forecast,30,freeze
60,8.10581111907959,4 days 18:00:00,surface_air_temperature,RMSE,ERA5,zarr_forecast,30,freeze
61,8.306193351745605,5 days 00:00:00,surface_air_temperature,RMSE,ERA5,zarr_forecast,30,freeze
62,8.570420265197754,5 days 06:00:00,surface_air_temperature,RMSE,ERA5,zarr_forecast,30,freeze
63,8.506997108459473,5 days 12:00:00,surface_air_temperature,RMSE,ERA5,zarr_forecast,30,freeze
64,8.292930603027344,5 days 18:00:00,surface_air_temperature,RMSE,ERA5,zarr_forecast,30,freeze
65,8.071023941040039,6 days 00:00:00,surface_air_temperature,RMSE,ERA5,zarr_forecast,30,freeze
66,7.922426700592041,6 days 06:00:00,surface_air_temperature,RMSE,ERA5,zarr_forecast,30,freeze
67,7.644906044006348,6 days 12:00:00,surface_air_temperature,RMSE,ERA5,zarr_forecast,30,freeze
68,7.92798376083374,6 days 18:00:00,surface_air_temperature,RMSE,ERA5,zarr_forecast,30,freeze
69,7.780171871185303,7 days 00:00:00,surface_air_temperature,RMSE,ERA5,zarr_forecast,30,freeze
70,8.275691986083984,7 days 06:00:00,surface_air_temperature,RMSE,ERA5,zarr_forecast,30,freeze
71,9.001508712768555,7 days 12:00:00,surface_air_temperature,RMSE,ERA5,zarr_forecast,30,freeze
72,10.661835670471191,7 days 18:00:00,surface_air_temperature,RMSE,ERA5,zarr_forecast,30,freeze
73,10.678749084472656,8 days 00:00:00,surface_air_temperature,RMSE,ERA5,zarr_forecast,30,freeze
74,10.830713272094727,8 days 06:00:00,surface_air_temperature,RMSE,ERA5,zarr_forecast,30,freeze
75,10.065682411193848,8 days 12:00:00,surface_air_temperature,RMSE,ERA5,zarr_forecast,30,freeze
76,10.580275535583496,8 days 18:00:00,surface_air_temperature,RMSE,ERA5,zarr_forecast,30,freeze
77,10.325979232788086,9 days 00:00:00,surface_air_temperature,RMSE,ERA5,zarr_forecast,30,freeze
78,9.640128135681152,9 days 06:00:00,surface_air_temperature,RMSE,ERA5,zarr_forecast,30,freeze
79,8.826133728027344,9 days 12:00:00,surface_air_temperature,RMSE,ERA5,zarr_forecast,30,freeze
80,9.332374572753906,9 days 18:00:00,surface_air_temperature,RMSE,ERA5,zarr_forecast,30,freeze
81,8.692140579223633,10 days 00:00:00,surface_air_temperature,RMSE,ERA5,zarr_forecast,30,freeze
82,,,surface_air_temperature,OnsetME,ERA5,zarr_forecast,30,freeze
83,,,surface_air_temperature,OnsetME,ERA5,zarr_forecast,30,freeze
84,,,surface_air_temperature,OnsetME,ERA5,zarr_forecast,30,freeze
85,,,surface_air_temperature,OnsetME,ERA5,zarr_forecast,30,freeze
86,,,surface_air_temperature,OnsetME,ERA5,zarr_forecast,30,freeze
87,,,surface_air_temperature,OnsetME,ERA5,zarr_forecast,30,freeze
88,,,surface_air_temperature,OnsetME,ERA5,zarr_forecast,30,freeze
89,,,surface_air_temperature,OnsetME,ERA5,zarr_forecast,30,freeze
90,,,surface_air_temperature,OnsetME,ERA5,zarr_forecast,30,freeze
91,,,surface_air_temperature,OnsetME,ERA5,zarr_forecast,30,freeze
92,,,surface_air_temperature,OnsetME,ERA5,zarr_forecast,30,freeze
93,,,surface_air_temperature,OnsetME,ERA5,zarr_forecast,30,freeze
94,,,surface_air_temperature,OnsetME,ERA5,zarr_forecast,30,freeze
95,,,surface_air_temperature,OnsetME,ERA5,zarr_forecast,30,freeze
96,,,surface_air_temperature,OnsetME,ERA5,zarr_forecast,30,freeze
97,,,surface_air_temperature,OnsetME,ERA5,zarr_forecast,30,freeze
98,,,surface_air_temperature,OnsetME,ERA5,zarr_forecast,30,freeze
99,,,surface_air_temperature,OnsetME,ERA5,zarr_forecast,30,freeze
100,,,surface_air_temperature,OnsetME,ERA5,zarr_forecast,30,freeze
101,,,surface_air_temperature,OnsetME,ERA5,zarr_forecast,30,freeze
102,,,surface_air_temperature,OnsetME,ERA5,zarr_forecast,30,freeze
103,,,surface_air_temperature,OnsetME,ERA5,zarr_forecast,30,freeze
104,,,surface_air_temperature,OnsetME,ERA5,zarr_forecast,30,freeze
105,,,surface_air_temperature,OnsetME,ERA5,zarr_forecast,30,freeze
106,,,surface_air_temperature,OnsetME,ERA5,zarr_forecast,30,freeze
107,,,surface_air_temperature,OnsetME,ERA5,zarr_forecast,30,freeze
108,,,surface_air_temperature,OnsetME,ERA5,zarr_forecast,30,freeze
109,,,surface_air_temperature,OnsetME,ERA5,zarr_forecast,30,freeze
110,,,surface_air_temperature,OnsetME,ERA5,zarr_forecast,30,freeze
111,,,surface_air_temperature,OnsetME,ERA5,zarr_forecast,30,freeze
112,,,surface_air_temperature,OnsetME,ERA5,zarr_forecast,30,freeze
113,,,surface_air_temperature,OnsetME,ERA5,zarr_forecast,30,freeze
114,,,surface_air_temperature,OnsetME,ERA5,zarr_forecast,30,freeze
115,,,surface_air_temperature,OnsetME,ERA5,zarr_forecast,30,freeze
116,,,surface_air_temperature,OnsetME,ERA5,zarr_forecast,30,freeze
117,,,surface_air_temperature,OnsetME,ERA5,zarr_forecast,30,freeze
118,,,surface_air_temperature,OnsetME,ERA5,zarr_forecast,30,freeze
119,,,surface_air_temperature,OnsetME,ERA5,zarr_forecast,30,freeze
120,,,surface_air_temperature,OnsetME,ERA5,zarr_forecast,30,freeze
121,,,surface_air_temperature,OnsetME,ERA5,zarr_forecast,30,freeze
122,,,surface_air_temperature,OnsetME,ERA5,zarr_forecast,30,freeze
123,,,surface_air_temperature,OnsetME,ERA5,zarr_forecast,30,freeze
124,,,surface_air_temperature,DurationME,ERA5,zarr_forecast,30,freeze
125,,,surface_air_temperature,DurationME,ERA5,zarr_forecast,30,freeze
126,,,surface_air_temperature,DurationME,ERA5,zarr_forecast,30,freeze
127,,,surface_air_temperature,DurationME,ERA5,zarr_forecast,30,freeze
128,,,surface_air_temperature,DurationME,ERA5,zarr_forecast,30,freeze
129,,,surface_air_temperature,DurationME,ERA5,zarr_forecast,30,freeze
130,,,surface_air_temperature,DurationME,ERA5,zarr_forecast,30,freeze
131,,,surface_air_temperature,DurationME,ERA5,zarr_forecast,30,freeze
132,,,surface_air_temperature,DurationME,ERA5,zarr_forecast,30,freeze
133,,,surface_air_temperature,DurationME,ERA5,zarr_forecast,30,freeze
134,,,surface_air_temperature,DurationME,ERA5,zarr_forecast,30,freeze
135,,,surface_air_temperature,DurationME,ERA5,zarr_forecast,30,freeze
136,,,surface_air_temperature,DurationME,ERA5,zarr_forecast,30,freeze
137,,,surface_air_temperature,DurationME,ERA5,zarr_forecast,30,freeze
138,,,surface_air_temperature,DurationME,ERA5,zarr_forecast,30,freeze
139,,,surface_air_temperature,DurationME,ERA5,zarr_forecast,30,freeze
140,,,surface_air_temperature,DurationME,ERA5,zarr_forecast,30,freeze
141,,,surface_air_temperature,DurationME,ERA5,zarr_forecast,30,freeze
142,,,surface_air_temperature,DurationME,ERA5,zarr_forecast,30,freeze
143,,,surface_air_temperature,DurationME,ERA5,zarr_forecast,30,freeze
144,,,surface_air_temperature,DurationME,ERA5,zarr_forecast,30,freeze
145,,,surface_air_temperature,DurationME,ERA5,zarr_forecast,30,freeze
146,,,surface_air_temperature,DurationME,ERA5,zarr_forecast,30,freeze
147,,,surface_air_temperature,DurationME,ERA5,zarr_forecast,30,freeze
148,,,surface_air_temperature,DurationME,ERA5,zarr_forecast,30,freeze
149,,,surface_air_temperature,DurationME,ERA5,zarr_forecast,30,freeze
150,,,surface_air_temperature,DurationME,ERA5,zarr_forecast,30,freeze
151,,,surface_air_temperature,DurationME,ERA5,zarr_forecast,30,freeze
152,,,surface_air_temperature,DurationME,ERA5,zarr_forecast,30,freeze
153,,,surface_air_temperature,DurationME,ERA5,zarr_forecast,30,freeze
154,,,surface_air_temperature,DurationME,ERA5,zarr_forecast,30,freeze
155,,,surface_air_temperature,DurationME,ERA5,zarr_forecast,30,freeze
156,,,surface_air_temperature,DurationME,ERA5,zarr_forecast,30,freeze
157,,,surface_air_temperature,DurationME,ERA5,zarr_forecast,30,freeze
158,,,surface_air_temperature,DurationME,ERA5,zarr_forecast,30,freeze
159,,,surface_air_temperature,DurationME,ERA5,zarr_forecast,30,freeze
160,,,surface_air_temperature,DurationME,ERA5,zarr_forecast,30,freeze
161,,,surface_air_temperature,DurationME,ERA5,zarr_forecast,30,freeze
162,,,surface_air_temperature,DurationME,ERA5,zarr_forecast,30,freeze
163,,,surface_air_temperature,DurationME,ERA5,zarr_forecast,30,freeze
164,,,surface_air_temperature,DurationME,ERA5,zarr_forecast,30,freeze
165,,,surface_air_temperature,DurationME,ERA5,zarr_forecast,30,freeze
166,0.2681884765625,0 days 00:00:00,surface_air_temperature,MinimumMAE,ERA5,zarr_forecast,31,freeze
167,2.4083251953125,0 days 06:00:00,surface_air_temperature,MinimumMAE,ERA5,zarr_forecast,31,freeze
168,0.123138427734375,0 days 12:00:00,surface_air_temperature,MinimumMAE,ERA5,zarr_forecast,31,freeze
169,2.6051025390625,0 days 18:00:00,surface_air_temperature,MinimumMAE,ERA5,zarr_forecast,31,freeze
170,0.027496337890625,1 days 00:00:00,surface_air_temperature,MinimumMAE,ERA5,zarr_forecast,31,freeze
171,2.2589111328125,1 days 06:00:00,surface_air_temperature,MinimumMAE,ERA5,zarr_forecast,31,freeze
172,0.338043212890625,1 days 12:00:00,surface_air_temperature,MinimumMAE,ERA5,zarr_forecast,31,freeze
173,2.34918212890625,1 days 18:00:00,surface_air_temperature,MinimumMAE,ERA5,zarr_forecast,31,freeze
174,0.3409423828125,2 days 00:00:00,surface_air_temperature,MinimumMAE,ERA5,zarr_forecast,31,freeze
175,2.352874755859375,2 days 06:00:00,surface_air_temperature,MinimumMAE,ERA5,zarr_forecast,31,freeze
176,0.4295654296875,2 days 12:00:00,surface_air_temperature,MinimumMAE,ERA5,zarr_forecast,31,freeze
177,2.78472900390625,2 days 18:00:00,surface_air_temperature,MinimumMAE,ERA5,zarr_forecast,31,freeze
178,0.00347900390625,3 days 00:00:00,surface_air_temperature,MinimumMAE,ERA5,zarr_forecast,31,freeze
179,2.877716064453125,3 days 06:00:00,surface_air_temperature,MinimumMAE,ERA5,zarr_forecast,31,freeze
180,0.12542724609375,3 days 12:00:00,surface_air_temperature,MinimumMAE,ERA5,zarr_forecast,31,freeze
181,3.115966796875,3 days 18:00:00,surface_air_temperature,MinimumMAE,ERA5,zarr_forecast,31,freeze
182,0.541961669921875,4 days 00:00:00,surface_air_temperature,MinimumMAE,ERA5,zarr_forecast,31,freeze
183,3.334747314453125,4 days 06:00:00,surface_air_temperature,MinimumMAE,ERA5,zarr_forecast,31,freeze
184,0.62518310546875,4 days 12:00:00,surface_air_temperature,MinimumMAE,ERA5,zarr_forecast,31,freeze
185,2.150543212890625,4 days 18:00:00,surface_air_temperature,MinimumMAE,ERA5,zarr_forecast,31,freeze
186,0.316070556640625,5 days 00:00:00,surface_air_temperature,MinimumMAE,ERA5,zarr_forecast,31,freeze
187,2.124664306640625,5 days 06:00:00,surface_air_temperature,MinimumMAE,ERA5,zarr_forecast,31,freeze
188,0.501068115234375,5 days 12:00:00,surface_air_temperature,MinimumMAE,ERA5,zarr_forecast,31,freeze
189,2.402374267578125,5 days 18:00:00,surface_air_temperature,MinimumMAE,ERA5,zarr_forecast,31,freeze
190,0.3521728515625,6 days 00:00:00,surface_air_temperature,MinimumMAE,ERA5,zarr_forecast,31,freeze
191,3.670379638671875,6 days 06:00:00,surface_air_temperature,MinimumMAE,ERA5,zarr_forecast,31,freeze
192,0.540313720703125,6 days 12:00:00,surface_air_temperature,MinimumMAE,ERA5,zarr_forecast,31,freeze
193,5.221405029296875,6 days 18:00:00,surface_air_temperature,MinimumMAE,ERA5,zarr_forecast,31,freeze
194,2.06396484375,7 days 00:00:00,surface_air_temperature,MinimumMAE,ERA5,zarr_forecast,31,freeze
195,8.993988037109375,7 days 06:00:00,surface_air_temperature,MinimumMAE,ERA5,zarr_forecast,31,freeze
196,3.623779296875,7 days 12:00:00,surface_air_temperature,MinimumMAE,ERA5,zarr_forecast,31,freeze
197,9.101318359375,7 days 18:00:00,surface_air_temperature,MinimumMAE,ERA5,zarr_forecast,31,freeze
198,5.686187744140625,8 days 00:00:00,surface_air_temperature,MinimumMAE,ERA5,zarr_forecast,31,freeze
199,8.394134521484375,8 days 06:00:00,surface_air_temperature,MinimumMAE,ERA5,zarr_forecast,31,freeze
200,7.920318603515625,8 days 12:00:00,surface_air_temperature,MinimumMAE,ERA5,zarr_forecast,31,freeze
201,13.977996826171875,8 days 18:00:00,surface_air_temperature,MinimumMAE,ERA5,zarr_forecast,31,freeze
202,11.766998291015625,9 days 00:00:00,surface_air_temperature,MinimumMAE,ERA5,zarr_forecast,31,freeze
203,11.256195068359375,9 days 06:00:00,surface_air_temperature,MinimumMAE,ERA5,zarr_forecast,31,freeze
204,9.291778564453125,9 days 12:00:00,surface_air_temperature,MinimumMAE,ERA5,zarr_forecast,31,freeze
205,5.791046142578125,9 days 18:00:00,surface_air_temperature,MinimumMAE,ERA5,zarr_forecast,31,freeze
206,3.25433349609375,10 days 00:00:00,surface_air_temperature,MinimumMAE,ERA5,zarr_forecast,31,freeze
207,1.9516642093658447,0 days 00:00:00,surface_air_temperature,RMSE,ERA5,zarr_forecast,31,freeze
208,1.6213490962982178,0 days 06:00:00,surface_air_temperature,RMSE,ERA5,zarr_forecast,31,freeze
209,2.2746944427490234,0 days 12:00:00,surface_air_temperature,RMSE,ERA5,zarr_forecast,31,freeze
210,1.8415350914001465,0 days 18:00:00,surface_air_temperature,RMSE,ERA5,zarr_forecast,31,freeze
211,2.6398279666900635,1 days 00:00:00,surface_air_temperature,RMSE,ERA5,zarr_forecast,31,freeze
212,2.6030731201171875,1 days 06:00:00,surface_air_temperature,RMSE,ERA5,zarr_forecast,31,freeze
213,3.0729105472564697,1 days 12:00:00,surface_air_temperature,RMSE,ERA5,zarr_forecast,31,freeze
214,3.0571539402008057,1 days 18:00:00,surface_air_temperature,RMSE,ERA5,zarr_forecast,31,freeze
215,3.4988534450531006,2 days 00:00:00,surface_air_temperature,RMSE,ERA5,zarr_forecast,31,freeze
216,3.387230396270752,2 days 06:00:00,surface_air_temperature,RMSE,ERA5,zarr_forecast,31,freeze
217,3.7789604663848877,2 days 12:00:00,surface_air_temperature,RMSE,ERA5,zarr_forecast,31,freeze
218,3.7198126316070557,2 days 18:00:00,surface_air_temperature,RMSE,ERA5,zarr_forecast,31,freeze
219,4.029699325561523,3 days 00:00:00,surface_air_temperature,RMSE,ERA5,zarr_forecast,31,freeze
220,3.6724541187286377,3 days 06:00:00,surface_air_temperature,RMSE,ERA5,zarr_forecast,31,freeze
221,3.823119878768921,3 days 12:00:00,surface_air_temperature,RMSE,ERA5,zarr_forecast,31,freeze
222,3.680893659591675,3 days 18:00:00,surface_air_temperature,RMSE,ERA5,zarr_forecast,31,freeze
223,3.793321132659912,4 days 00:00:00,surface_air_temperature,RMSE,ERA5,zarr_forecast,31,freeze
224,3.5867059230804443,4 days 06:00:00,surface_air_temperature,RMSE,ERA5,zarr_forecast,31,freeze
225,3.7344632148742676,4 days 12:00:00,surface_air_temperature,RMSE,ERA5,zarr_forecast,31,freeze
226,3.8388888835906982,4 days 18:00:00,surface_air_temperature,RMSE,ERA5,zarr_forecast,31,freeze
227,3.7825515270233154,5 days 00:00:00,surface_air_temperature,RMSE,ERA5,zarr_forecast,31,freeze
228,4.352163314819336,5 days 06:00:00,surface_air_temperature,RMSE,ERA5,zarr_forecast,31,freeze
229,3.9749345779418945,5 days 12:00:00,surface_air_temperature,RMSE,ERA5,zarr_forecast,31,freeze
230,3.6332292556762695,5 days 18:00:00,surface_air_temperature,RMSE,ERA5,zarr_forecast,31,freeze
231,3.688899517059326,6 days 00:00:00,surface_air_temperature,RMSE,ERA5,zarr_forecast,31,freeze
232,3.876973867416382,6 days 06:00:00,surface_air_temperature,RMSE,ERA5,zarr_forecast,31,freeze
233,4.529327392578125,6 days 12:00:00,surface_air_temperature,RMSE,ERA5,zarr_forecast,31,freeze
234,3.6614131927490234,6 days 18:00:00,surface_air_temperature,RMSE,ERA5,zarr_forecast,31,freeze
235,3.940028667449951,7 days 00:00:00,surface_air_temperature,RMSE,ERA5,zarr_forecast,31,freeze
236,4.460111618041992,7 days 06:00:00,surface_air_temperature,RMSE,ERA5,zarr_forecast,31,freeze
237,5.478479385375977,7 days 12:00:00,surface_air_temperature,RMSE,ERA5,zarr_forecast,31,freeze
238,5.239617824554443,7 days 18:00:00,surface_air_temperature,RMSE,ERA5,zarr_forecast,31,freeze
239,5.660916328430176,8 days 00:00:00,surface_air_temperature,RMSE,ERA5,zarr_forecast,31,freeze
240,6.338078498840332,8 days 06:00:00,surface_air_temperature,RMSE,ERA5,zarr_forecast,31,freeze
241,6.8597283363342285,8 days 12:00:00,surface_air_temperature,RMSE,ERA5,zarr_forecast,31,freeze
242,6.696628093719482,8 days 18:00:00,surface_air_temperature,RMSE,ERA5,zarr_forecast,31,freeze
243,7.130457401275635,9 days 00:00:00,surface_air_temperature,RMSE,ERA5,zarr_forecast,31,freeze
244,6.941787242889404,9 days 06:00:00,surface_air_temperature,RMSE,ERA5,zarr_forecast,31,freeze
245,6.628963947296143,9 days 12:00:00,surface_air_temperature,RMSE,ERA5,zarr_forecast,31,freeze
246,6.646076679229736,9 days 18:00:00,surface_air_temperature,RMSE,ERA5,zarr_forecast,31,freeze
247,6.946020126342773,10 days 00:00:00,surface_air_temperature,RMSE,ERA5,zarr_forecast,31,freeze
248,,,surface_air_temperature,OnsetME,ERA5,zarr_forecast,31,freeze
249,,,surface_air_temperature,OnsetME,ERA5,zarr_forecast,31,freeze
250,,,surface_air_temperature,OnsetME,ERA5,zarr_forecast,31,freeze
251,,,surface_air_temperature,OnsetME,ERA5,zarr_forecast,31,freeze
252,,,surface_air_temperature,OnsetME,ERA5,zarr_forecast,31,freeze
253,,,surface_air_temperature,OnsetME,ERA5,zarr_forecast,31,freeze
254,,,surface_air_temperature,OnsetME,ERA5,zarr_forecast,31,freeze
255,,,surface_air_temperature,OnsetME,ERA5,zarr_forecast,31,freeze
256,,,surface_air_temperature,OnsetME,ERA5,zarr_forecast,31,freeze
257,,,surface_air_temperature,OnsetME,ERA5,zarr_forecast,31,freeze
258,,,surface_air_temperature,OnsetME,ERA5,zarr_forecast,31,freeze
259,,,surface_air_temperature,OnsetME,ERA5,zarr_forecast,31,freeze
260,,,surface_air_temperature,OnsetME,ERA5,zarr_forecast,31,freeze
261,,,surface_air_temperature,OnsetME,ERA5,zarr_forecast,31,freeze
262,,,surface_air_temperature,OnsetME,ERA5,zarr_forecast,31,freeze
263,,,surface_air_temperature,OnsetME,ERA5,zarr_forecast,31,freeze
264,,,surface_air_temperature,OnsetME,ERA5,zarr_forecast,31,freeze
265,,,surface_air_temperature,OnsetME,ERA5,zarr_forecast,31,freeze
266,,,surface_air_temperature,OnsetME,ERA5,zarr_forecast,31,freeze
267,,,surface_air_temperature,OnsetME,ERA5,zarr_forecast,31,freeze
268,,,surface_air_temperature,OnsetME,ERA5,zarr_forecast,31,freeze
269,,,surface_air_temperature,OnsetME,ERA5,zarr_forecast,31,freeze
270,,,surface_air_temperature,OnsetME,ERA5,zarr_forecast,31,freeze
271,,,surface_air_temperature,OnsetME,ERA5,zarr_forecast,31,freeze
272,,,surface_air_temperature,OnsetME,ERA5,zarr_forecast,31,freeze
273,,,surface_air_temperature,OnsetME,ERA5,zarr_forecast,31,freeze
274,,,surface_air_temperature,OnsetME,ERA5,zarr_forecast,31,freeze
275,,,surface_air_temperature,OnsetME,ERA5,zarr_forecast,31,freeze
276,,,surface_air_temperature,OnsetME,ERA5,zarr_forecast,31,freeze
277,,,surface_air_temperature,OnsetME,ERA5,zarr_forecast,31,freeze
278,,,surface_air_temperature,OnsetME,ERA5,zarr_forecast,31,freeze
279,,,surface_air_temperature,OnsetME,ERA5,zarr_forecast,31,freeze
280,,,surface_air_temperature,OnsetME,ERA5,zarr_forecast,31,freeze
281,,,surface_air_temperature,OnsetME,ERA5,zarr_forecast,31,freeze
282,,,surface_air_temperature,OnsetME,ERA5,zarr_forecast,31,freeze
283,,,surface_air_temperature,OnsetME,ERA5,zarr_forecast,31,freeze
284,,,surface_air_temperature,OnsetME,ERA5,zarr_forecast,31,freeze
285,,,surface_air_temperature,OnsetME,ERA5,zarr_forecast,31,freeze
286,,,surface_air_temperature,OnsetME,ERA5,zarr_forecast,31,freeze
287,,,surface_air_temperature,OnsetME,ERA5,zarr_forecast,31,freeze
288,,,surface_air_temperature,OnsetME,ERA5,zarr_forecast,31,freeze
289,,,surface_air_temperature,OnsetME,ERA5,zarr_forecast,31,freeze
290,,,surface_air_temperature,OnsetME,ERA5,zarr_forecast,31,freeze
291,,,surface_air_temperature,DurationME,ERA5,zarr_forecast,31,freeze
292,,,surface_air_temperature,DurationME,ERA5,zarr_forecast,31,freeze
293,,,surface_air_temperature,DurationME,ERA5,zarr_forecast,31,freeze
294,,,surface_air_temperature,DurationME,ERA5,zarr_forecast,31,freeze
295,,,surface_air_temperature,DurationME,ERA5,zarr_forecast,31,freeze
296,,,surface_air_temperature,DurationME,ERA5,zarr_forecast,31,freeze
297,,,surface_air_temperature,DurationME,ERA5,zarr_forecast,31,freeze
298,,,surface_air_temperature,DurationME,ERA5,zarr_forecast,31,freeze
299,,,surface_air_temperature,DurationME,ERA5,zarr_forecast,31,freeze
300,,,surface_air_temperature,DurationME,ERA5,zarr_forecast,31,freeze
301,,,surface_air_temperature,DurationME,ERA5,zarr_forecast,31,freeze
302,,,surface_air_temperature,DurationME,ERA5,zarr_forecast,31,freeze
303,,,surface_air_temperature,DurationME,ERA5,zarr_forecast,31,freeze
304,,,surface_air_temperature,DurationME,ERA5,zarr_forecast,31,freeze
305,,,surface_air_temperature,DurationME,ERA5,zarr_forecast,31,freeze
306,,,surface_air_temperature,DurationME,ERA5,zarr_forecast,31,freeze
307,,,surface_air_temperature,DurationME,ERA5,zarr_forecast,31,freeze
308,,,surface_air_temperature,DurationME,ERA5,zarr_forecast,31,freeze
309,,,surface_air_temperature,DurationME,ERA5,zarr_forecast,31,freeze
310,,,surface_air_temperature,DurationME,ERA5,zarr_forecast,31,freeze
311,,,surface_air_temperature,DurationME,ERA5,zarr_forecast,31,freeze
312,,,surface_air_temperature,DurationME,ERA5,zarr_forecast,31,freeze
313,,,surface_air_temperature,DurationME,ERA5,zarr_forecast,31,freeze
314,,,surface_air_temperature,DurationME,ERA5,zarr_forecast,31,freeze
315,,,surface_air_temperature,DurationME,ERA5,zarr_forecast,31,freeze
316,,,surface_air_temperature,DurationME,ERA5,zarr_forecast,31,freeze
317,,,surface_air_temperature,DurationME,ERA5,zarr_forecast,31,freeze
318,,,surface_air_temperature,DurationME,ERA5,zarr_forecast,31,freeze
319,,,surface_air_temperature,DurationME,ERA5,zarr_forecast,31,freeze
320,,,surface_air_temperature,DurationME,ERA5,zarr_forecast,31,freeze
321,,,surface_air_temperature,DurationME,ERA5,zarr_forecast,31,freeze
322,,,surface_air_temperature,DurationME,ERA5,zarr_forecast,31,freeze
323,,,surface_air_temperature,DurationME,ERA5,zarr_forecast,31,freeze
324,,,surface_air_temperature,DurationME,ERA5,zarr_forecast,31,freeze
325,,,surface_air_temperature,DurationME,ERA5,zarr_forecast,31,freeze
326,,,surface_air_temperature,DurationME,ERA5,zarr_forecast,31,freeze
327,,,surface_air_temperature,DurationME,ERA5,zarr_forecast,31,freeze
328,,,surface_air_temperature,DurationME,ERA5,zarr_forecast,31,freeze
329,,,surface_air_temperature,DurationME,ERA5,zarr_forecast,31,freeze
330,,,surface_air_temperature,DurationME,ERA5,zarr_forecast,31,freeze
331,,,surface_air_temperature,DurationME,ERA5,zarr_forecast,31,freeze
332,,,surface_air_temperature,DurationME,ERA5,zarr_forecast,31,freeze
333,,,surface_air_temperature,DurationME,ERA5,zarr_forecast,31,freeze
334,,0 days 00:00:00,surface_air_temperature,MinimumMAE,ERA5,zarr_forecast,34,freeze
335,,0 days 06:00:00,surface_air_temperature,MinimumMAE,ERA5,zarr_forecast,34,freeze
336,,0 days 12:00:00,surface_air_temperature,MinimumMAE,ERA5,zarr_forecast,34,freeze
337,,0 days 18:00:00,surface_air_temperature,MinimumMAE,ERA5,zarr_forecast,34,freeze
338,,1 days 00:00:00,surface_air_temperature,MinimumMAE,ERA5,zarr_forecast,34,freeze
339,,1 days 06:00:00,surface_air_temperature,MinimumMAE,ERA5,zarr_forecast,34,freeze
340,,1 days 12:00:00,surface_air_temperature,MinimumMAE,ERA5,zarr_forecast,34,freeze
341,,1 days 18:00:00,surface_air_temperature,MinimumMAE,ERA5,zarr_forecast,34,freeze
342,,2 days 00:00:00,surface_air_temperature,MinimumMAE,ERA5,zarr_forecast,34,freeze
343,,2 days 06:00:00,surface_air_temperature,MinimumMAE,ERA5,zarr_forecast,34,freeze
344,,2 days 12:00:00,surface_air_temperature,MinimumMAE,ERA5,zarr_forecast,34,freeze
345,,2 days 18:00:00,surface_air_temperature,MinimumMAE,ERA5,zarr_forecast,34,freeze
346,5.0287933349609375,3 days 00:00:00,surface_air_temperature,MinimumMAE,ERA5,zarr_forecast,34,freeze
347,2.6517486572265625,3 days 06:00:00,surface_air_temperature,MinimumMAE,ERA5,zarr_forecast,34,freeze
348,2.6535491943359375,3 days 12:00:00,surface_air_temperature,MinimumMAE,ERA5,zarr_forecast,34,freeze
349,3.1555328369140625,3 days 18:00:00,surface_air_temperature,MinimumMAE,ERA5,zarr_forecast,34,freeze
350,3.2615509033203125,4 days 00:00:00,surface_air_temperature,MinimumMAE,ERA5,zarr_forecast,34,freeze
351,4.4603424072265625,4 days 06:00:00,surface_air_temperature,MinimumMAE,ERA5,zarr_forecast,34,freeze
352,4.1417999267578125,4 days 12:00:00,surface_air_temperature,MinimumMAE,ERA5,zarr_forecast,34,freeze
353,4.2985992431640625,4 days 18:00:00,surface_air_temperature,MinimumMAE,ERA5,zarr_forecast,34,freeze
354,4.7274627685546875,5 days 00:00:00,surface_air_temperature,MinimumMAE,ERA5,zarr_forecast,34,freeze
355,2.8696441650390625,5 days 06:00:00,surface_air_temperature,MinimumMAE,ERA5,zarr_forecast,34,freeze
356,2.2965545654296875,5 days 12:00:00,surface_air_temperature,MinimumMAE,ERA5,zarr_forecast,34,freeze
357,4.1356658935546875,5 days 18:00:00,surface_air_temperature,MinimumMAE,ERA5,zarr_forecast,34,freeze
358,3.5525054931640625,6 days 00:00:00,surface_air_temperature,MinimumMAE,ERA5,zarr_forecast,34,freeze
359,4.9782867431640625,6 days 06:00:00,surface_air_temperature,MinimumMAE,ERA5,zarr_forecast,34,freeze
360,5.1286163330078125,6 days 12:00:00,surface_air_temperature,MinimumMAE,ERA5,zarr_forecast,34,freeze
361,5.9173736572265625,6 days 18:00:00,surface_air_temperature,MinimumMAE,ERA5,zarr_forecast,34,freeze
362,5.5112762451171875,7 days 00:00:00,surface_air_temperature,MinimumMAE,ERA5,zarr_forecast,34,freeze
363,9.124343872070312,7 days 06:00:00,surface_air_temperature,MinimumMAE,ERA5,zarr_forecast,34,freeze
364,9.229721069335938,7 days 12:00:00,surface_air_temperature,MinimumMAE,ERA5,zarr_forecast,34,freeze
365,9.613815307617188,7 days 18:00:00,surface_air_temperature,MinimumMAE,ERA5,zarr_forecast,34,freeze
366,9.993057250976562,8 days 00:00:00,surface_air_temperature,MinimumMAE,ERA5,zarr_forecast,34,freeze
367,9.266891479492188,8 days 06:00:00,surface_air_temperature,MinimumMAE,ERA5,zarr_forecast,34,freeze
368,9.197555541992188,8 days 12:00:00,surface_air_temperature,MinimumMAE,ERA5,zarr_forecast,34,freeze
369,9.151626586914062,8 days 18:00:00,surface_air_temperature,MinimumMAE,ERA5,zarr_forecast,34,freeze
370,8.795028686523438,9 days 00:00:00,surface_air_temperature,MinimumMAE,ERA5,zarr_forecast,34,freeze
371,8.629653930664062,9 days 06:00:00,surface_air_temperature,MinimumMAE,ERA5,zarr_forecast,34,freeze
372,7.8753204345703125,9 days 12:00:00,surface_air_temperature,MinimumMAE,ERA5,zarr_forecast,34,freeze
373,9.726303100585938,9 days 18:00:00,surface_air_temperature,MinimumMAE,ERA5,zarr_forecast,34,freeze
374,9.172042846679688,10 days 00:00:00,surface_air_temperature,MinimumMAE,ERA5,zarr_forecast,34,freeze
375,,0 days 00:00:00,surface_air_temperature,RMSE,ERA5,zarr_forecast,34,freeze
376,,0 days 06:00:00,surface_air_temperature,RMSE,ERA5,zarr_forecast,34,freeze
377,,0 days 12:00:00,surface_air_temperature,RMSE,ERA5,zarr_forecast,34,freeze
378,2.1608293056488037,0 days 18:00:00,surface_air_temperature,RMSE,ERA5,zarr_forecast,34,freeze
379,2.8123154640197754,1 days 00:00:00,surface_air_temperature,RMSE,ERA5,zarr_forecast,34,freeze
380,2.814579963684082,1 days 06:00:00,surface_air_temperature,RMSE,ERA5,zarr_forecast,34,freeze
381,3.501052141189575,1 days 12:00:00,surface_air_temperature,RMSE,ERA5,zarr_forecast,34,freeze
382,2.9204397201538086,1 days 18:00:00,surface_air_temperature,RMSE,ERA5,zarr_forecast,34,freeze
383,3.6892077922821045,2 days 00:00:00,surface_air_temperature,RMSE,ERA5,zarr_forecast,34,freeze
384,3.069586753845215,2 days 06:00:00,surface_air_temperature,RMSE,ERA5,zarr_forecast,34,freeze
385,3.6843597888946533,2 days 12:00:00,surface_air_temperature,RMSE,ERA5,zarr_forecast,34,freeze
386,3.2698981761932373,2 days 18:00:00,surface_air_temperature,RMSE,ERA5,zarr_forecast,34,freeze
387,3.695781707763672,3 days 00:00:00,surface_air_temperature,RMSE,ERA5,zarr_forecast,34,freeze
388,3.6697206497192383,3 days 06:00:00,surface_air_temperature,RMSE,ERA5,zarr_forecast,34,freeze
389,4.282461166381836,3 days 12:00:00,surface_air_temperature,RMSE,ERA5,zarr_forecast,34,freeze
390,3.9216866493225098,3 days 18:00:00,surface_air_temperature,RMSE,ERA5,zarr_forecast,34,freeze
391,4.300266742706299,4 days 00:00:00,surface_air_temperature,RMSE,ERA5,zarr_forecast,34,freeze
392,4.4182963371276855,4 days 06:00:00,surface_air_temperature,RMSE,ERA5,zarr_forecast,34,freeze
393,4.841389179229736,4 days 12:00:00,surface_air_temperature,RMSE,ERA5,zarr_forecast,34,freeze
394,4.844902992248535,4 days 18:00:00,surface_air_temperature,RMSE,ERA5,zarr_forecast,34,freeze
395,5.459880352020264,5 days 00:00:00,surface_air_temperature,RMSE,ERA5,zarr_forecast,34,freeze
396,5.406637668609619,5 days 06:00:00,surface_air_temperature,RMSE,ERA5,zarr_forecast,34,freeze
397,5.603561878204346,5 days 12:00:00,surface_air_temperature,RMSE,ERA5,zarr_forecast,34,freeze
398,5.705627918243408,5 days 18:00:00,surface_air_temperature,RMSE,ERA5,zarr_forecast,34,freeze
399,5.977819919586182,6 days 00:00:00,surface_air_temperature,RMSE,ERA5,zarr_forecast,34,freeze
400,6.060787200927734,6 days 06:00:00,surface_air_temperature,RMSE,ERA5,zarr_forecast,34,freeze
401,6.395357608795166,6 days 12:00:00,surface_air_temperature,RMSE,ERA5,zarr_forecast,34,freeze
402,6.278501987457275,6 days 18:00:00,surface_air_temperature,RMSE,ERA5,zarr_forecast,34,freeze
403,6.303182601928711,7 days 00:00:00,surface_air_temperature,RMSE,ERA5,zarr_forecast,34,freeze
404,6.8067708015441895,7 days 06:00:00,surface_air_temperature,RMSE,ERA5,zarr_forecast,34,freeze
405,7.205850124359131,7 days 12:00:00,surface_air_temperature,RMSE,ERA5,zarr_forecast,34,freeze
406,7.339264869689941,7 days 18:00:00,surface_air_temperature,RMSE,ERA5,zarr_forecast,34,freeze
407,7.419769287109375,8 days 00:00:00,surface_air_temperature,RMSE,ERA5,zarr_forecast,34,freeze
408,7.748097896575928,8 days 06:00:00,surface_air_temperature,RMSE,ERA5,zarr_forecast,34,freeze
409,7.830255508422852,8 days 12:00:00,surface_air_temperature,RMSE,ERA5,zarr_forecast,34,freeze
410,8.160933494567871,8 days 18:00:00,surface_air_temperature,RMSE,ERA5,zarr_forecast,34,freeze
411,8.338987350463867,9 days 00:00:00,surface_air_temperature,RMSE,ERA5,zarr_forecast,34,freeze
412,8.64118766784668,9 days 06:00:00,surface_air_temperature,RMSE,ERA5,zarr_forecast,34,freeze
413,8.763184547424316,9 days 12:00:00,surface_air_temperature,RMSE,ERA5,zarr_forecast,34,freeze
414,9.509181022644043,9 days 18:00:00,surface_air_temperature,RMSE,ERA5,zarr_forecast,34,freeze
415,9.31491470336914,10 days 00:00:00,surface_air_temperature,RMSE,ERA5,zarr_forecast,34,freeze
416,,,surface_air_temperature,OnsetME,ERA5,zarr_forecast,34,freeze
417,,,surface_air_temperature,OnsetME,ERA5,zarr_forecast,34,freeze
418,,,surface_air_temperature,OnsetME,ERA5,zarr_forecast,34,freeze
419,,,surface_air_temperature,OnsetME,ERA5,zarr_forecast,34,freeze
420,,,surface_air_temperature,OnsetME,ERA5,zarr_forecast,34,freeze
421,,,surface_air_temperature,OnsetME,ERA5,zarr_forecast,34,freeze
422,,,surface_air_temperature,OnsetME,ERA5,zarr_forecast,34,freeze
423,,,surface_air_temperature,OnsetME,ERA5,zarr_forecast,34,freeze
424,,,surface_air_temperature,OnsetME,ERA5,zarr_forecast,34,freeze
425,,,surface_air_temperature,OnsetME,ERA5,zarr_forecast,34,freeze
426,,,surface_air_temperature,OnsetME,ERA5,zarr_forecast,34,freeze
427,,,surface_air_temperature,OnsetME,ERA5,zarr_forecast,34,freeze
428,,,surface_air_temperature,OnsetME,ERA5,zarr_forecast,34,freeze
429,,,surface_air_temperature,OnsetME,ERA5,zarr_forecast,34,freeze
430,,,surface_air_temperature,OnsetME,ERA5,zarr_forecast,34,freeze
431,,,surface_air_temperature,OnsetME,ERA5,zarr_forecast,34,freeze
432,,,surface_air_temperature,OnsetME,ERA5,zarr_forecast,34,freeze
433,,,surface_air_temperature,OnsetME,ERA5,zarr_forecast,34,freeze
434,,,surface_air_temperature,OnsetME,ERA5,zarr_forecast,34,freeze
435,,,surface_air_temperature,DurationME,ERA5,zarr_forecast,34,freeze
436,,,surface_air_temperature,DurationME,ERA5,zarr_forecast,34,freeze
437,,,surface_air_temperature,DurationME,ERA5,zarr_forecast,34,freeze
438,,,surface_air_temperature,DurationME,ERA5,zarr_forecast,34,freeze
439,,,surface_air_temperature,DurationME,ERA5,zarr_forecast,34,freeze
440,,,surface_air_temperature,DurationME,ERA5,zarr_forecast,34,freeze
441,,,surface_air_temperature,DurationME,ERA5,zarr_forecast,34,freeze
442,,,surface_air_temperature,DurationME,ERA5,zarr_forecast,34,freeze
443,,,surface_air_temperature,DurationME,ERA5,zarr_forecast,34,freeze
444,,,surface_air_temperature,DurationME,ERA5,zarr_forecast,34,freeze
445,,,surface_air_temperature,DurationME,ERA5,zarr_forecast,34,freeze
446,,,surface_air_temperature,DurationME,ERA5,zarr_forecast,34,freeze
447,,,surface_air_temperature,DurationME,ERA5,zarr_forecast,34,freeze
448,,,surface_air_temperature,DurationME,ERA5,zarr_forecast,34,freeze
449,,,surface_air_temperature,DurationME,ERA5,zarr_forecast,34,freeze
450,,,surface_air_temperature,DurationME,ERA5,zarr_forecast,34,freeze
451,,,surface_air_temperature,DurationME,ERA5,zarr_forecast,34,freeze
452,,,surface_air_temperature,DurationME,ERA5,zarr_forecast,34,freeze
453,,,surface_air_temperature,DurationME,ERA5,zarr_forecast,34,freeze
454,0.8585205078125,0 days 00:00:00,surface_air_temperature,MinimumMAE,ERA5,zarr_forecast,35,freeze
455,4.915069580078125,0 days 06:00:00,surface_air_temperature,MinimumMAE,ERA5,zarr_forecast,35,freeze
456,1.7283935546875,0 days 12:00:00,surface_air_temperature,MinimumMAE,ERA5,zarr_forecast,35,freeze
457,5.120758056640625,0 days 18:00:00,surface_air_temperature,MinimumMAE,ERA5,zarr_forecast,35,freeze
458,2.068695068359375,1 days 00:00:00,surface_air_temperature,MinimumMAE,ERA5,zarr_forecast,35,freeze
459,5.473052978515625,1 days 06:00:00,surface_air_temperature,MinimumMAE,ERA5,zarr_forecast,35,freeze
460,2.213836669921875,1 days 12:00:00,surface_air_temperature,MinimumMAE,ERA5,zarr_forecast,35,freeze
461,5.643646240234375,1 days 18:00:00,surface_air_temperature,MinimumMAE,ERA5,zarr_forecast,35,freeze
462,2.1461181640625,2 days 00:00:00,surface_air_temperature,MinimumMAE,ERA5,zarr_forecast,35,freeze
463,5.874908447265625,2 days 06:00:00,surface_air_temperature,MinimumMAE,ERA5,zarr_forecast,35,freeze
464,2.12127685546875,2 days 12:00:00,surface_air_temperature,MinimumMAE,ERA5,zarr_forecast,35,freeze
465,5.936859130859375,2 days 18:00:00,surface_air_temperature,MinimumMAE,ERA5,zarr_forecast,35,freeze
466,2.3106689453125,3 days 00:00:00,surface_air_temperature,MinimumMAE,ERA5,zarr_forecast,35,freeze
467,6.20654296875,3 days 06:00:00,surface_air_temperature,MinimumMAE,ERA5,zarr_forecast,35,freeze
468,2.3896484375,3 days 12:00:00,surface_air_temperature,MinimumMAE,ERA5,zarr_forecast,35,freeze
469,7.1939697265625,3 days 18:00:00,surface_air_temperature,MinimumMAE,ERA5,zarr_forecast,35,freeze
470,3.281494140625,4 days 00:00:00,surface_air_temperature,MinimumMAE,ERA5,zarr_forecast,35,freeze
471,7.911865234375,4 days 06:00:00,surface_air_temperature,MinimumMAE,ERA5,zarr_forecast,35,freeze
472,3.86163330078125,4 days 12:00:00,surface_air_temperature,MinimumMAE,ERA5,zarr_forecast,35,freeze
473,9.4664306640625,4 days 18:00:00,surface_air_temperature,MinimumMAE,ERA5,zarr_forecast,35,freeze
474,5.058441162109375,5 days 00:00:00,surface_air_temperature,MinimumMAE,ERA5,zarr_forecast,35,freeze
475,8.07171630859375,5 days 06:00:00,surface_air_temperature,MinimumMAE,ERA5,zarr_forecast,35,freeze
476,5.977874755859375,5 days 12:00:00,surface_air_temperature,MinimumMAE,ERA5,zarr_forecast,35,freeze
477,5.40234375,5 days 18:00:00,surface_air_temperature,MinimumMAE,ERA5,zarr_forecast,35,freeze
478,3.50604248046875,6 days 00:00:00,surface_air_temperature,MinimumMAE,ERA5,zarr_forecast,35,freeze
479,6.418670654296875,6 days 06:00:00,surface_air_temperature,MinimumMAE,ERA5,zarr_forecast,35,freeze
480,6.36334228515625,6 days 12:00:00,surface_air_temperature,MinimumMAE,ERA5,zarr_forecast,35,freeze
481,10.626953125,6 days 18:00:00,surface_air_temperature,MinimumMAE,ERA5,zarr_forecast,35,freeze
482,7.36639404296875,7 days 00:00:00,surface_air_temperature,MinimumMAE,ERA5,zarr_forecast,35,freeze
483,7.4669189453125,7 days 06:00:00,surface_air_temperature,MinimumMAE,ERA5,zarr_forecast,35,freeze
484,4.2147216796875,7 days 12:00:00,surface_air_temperature,MinimumMAE,ERA5,zarr_forecast,35,freeze
485,3.770416259765625,7 days 18:00:00,surface_air_temperature,MinimumMAE,ERA5,zarr_forecast,35,freeze
486,1.6357421875,8 days 00:00:00,surface_air_temperature,MinimumMAE,ERA5,zarr_forecast,35,freeze
487,2.3865966796875,8 days 06:00:00,surface_air_temperature,MinimumMAE,ERA5,zarr_forecast,35,freeze
488,0.435699462890625,8 days 12:00:00,surface_air_temperature,MinimumMAE,ERA5,zarr_forecast,35,freeze
489,3.550018310546875,8 days 18:00:00,surface_air_temperature,MinimumMAE,ERA5,zarr_forecast,35,freeze
490,0.2098388671875,9 days 00:00:00,surface_air_temperature,MinimumMAE,ERA5,zarr_forecast,35,freeze
491,2.86322021484375,9 days 06:00:00,surface_air_temperature,MinimumMAE,ERA5,zarr_forecast,35,freeze
492,0.011322021484375,9 days 12:00:00,surface_air_temperature,MinimumMAE,ERA5,zarr_forecast,35,freeze
493,6.696075439453125,9 days 18:00:00,surface_air_temperature,MinimumMAE,ERA5,zarr_forecast,35,freeze
494,4.85687255859375,10 days 00:00:00,surface_air_temperature,MinimumMAE,ERA5,zarr_forecast,35,freeze
495,2.054305076599121,0 days 00:00:00,surface_air_temperature,RMSE,ERA5,zarr_forecast,35,freeze
496,1.8990551233291626,0 days 06:00:00,surface_air_temperature,RMSE,ERA5,zarr_forecast,35,freeze
497,2.0901613235473633,0 days 12:00:00,surface_air_temperature,RMSE,ERA5,zarr_forecast,35,freeze
498,1.8517744541168213,0 days 18:00:00,surface_air_temperature,RMSE,ERA5,zarr_forecast,35,freeze
499,2.188171625137329,1 days 00:00:00,surface_air_temperature,RMSE,ERA5,zarr_forecast,35,freeze
500,1.8753175735473633,1 days 06:00:00,surface_air_temperature,RMSE,ERA5,zarr_forecast,35,freeze
501,2.2090296745300293,1 days 12:00:00,surface_air_temperature,RMSE,ERA5,zarr_forecast,35,freeze
502,1.9613243341445923,1 days 18:00:00,surface_air_temperature,RMSE,ERA5,zarr_forecast,35,freeze
503,2.3005738258361816,2 days 00:00:00,surface_air_temperature,RMSE,ERA5,zarr_forecast,35,freeze
504,2.2023801803588867,2 days 06:00:00,surface_air_temperature,RMSE,ERA5,zarr_forecast,35,freeze
505,2.493677854537964,2 days 12:00:00,surface_air_temperature,RMSE,ERA5,zarr_forecast,35,freeze
506,2.599740505218506,2 days 18:00:00,surface_air_temperature,RMSE,ERA5,zarr_forecast,35,freeze
507,2.7347891330718994,3 days 00:00:00,surface_air_temperature,RMSE,ERA5,zarr_forecast,35,freeze
508,3.02302622795105,3 days 06:00:00,surface_air_temperature,RMSE,ERA5,zarr_forecast,35,freeze
509,3.0948188304901123,3 days 12:00:00,surface_air_temperature,RMSE,ERA5,zarr_forecast,35,freeze
510,3.3070993423461914,3 days 18:00:00,surface_air_temperature,RMSE,ERA5,zarr_forecast,35,freeze
511,3.5236921310424805,4 days 00:00:00,surface_air_temperature,RMSE,ERA5,zarr_forecast,35,freeze
512,3.5189175605773926,4 days 06:00:00,surface_air_temperature,RMSE,ERA5,zarr_forecast,35,freeze
513,3.9566879272460938,4 days 12:00:00,surface_air_temperature,RMSE,ERA5,zarr_forecast,35,freeze
514,3.6011242866516113,4 days 18:00:00,surface_air_temperature,RMSE,ERA5,zarr_forecast,35,freeze
515,3.9375932216644287,5 days 00:00:00,surface_air_temperature,RMSE,ERA5,zarr_forecast,35,freeze
516,3.8436434268951416,5 days 06:00:00,surface_air_temperature,RMSE,ERA5,zarr_forecast,35,freeze
517,4.074076175689697,5 days 12:00:00,surface_air_temperature,RMSE,ERA5,zarr_forecast,35,freeze
518,3.8008053302764893,5 days 18:00:00,surface_air_temperature,RMSE,ERA5,zarr_forecast,35,freeze
519,4.451298713684082,6 days 00:00:00,surface_air_temperature,RMSE,ERA5,zarr_forecast,35,freeze
520,4.527990341186523,6 days 06:00:00,surface_air_temperature,RMSE,ERA5,zarr_forecast,35,freeze
521,4.81242561340332,6 days 12:00:00,surface_air_temperature,RMSE,ERA5,zarr_forecast,35,freeze
522,4.991210460662842,6 days 18:00:00,surface_air_temperature,RMSE,ERA5,zarr_forecast,35,freeze
523,5.681927680969238,7 days 00:00:00,surface_air_temperature,RMSE,ERA5,zarr_forecast,35,freeze
524,5.672239303588867,7 days 06:00:00,surface_air_temperature,RMSE,ERA5,zarr_forecast,35,freeze
525,5.883386611938477,7 days 12:00:00,surface_air_temperature,RMSE,ERA5,zarr_forecast,35,freeze
526,5.493831157684326,7 days 18:00:00,surface_air_temperature,RMSE,ERA5,zarr_forecast,35,freeze
527,5.836854457855225,8 days 00:00:00,surface_air_temperature,RMSE,ERA5,zarr_forecast,35,freeze
528,5.042729377746582,8 days 06:00:00,surface_air_temperature,RMSE,ERA5,zarr_forecast,35,freeze
529,4.741776466369629,8 days 12:00:00,surface_air_temperature,RMSE,ERA5,zarr_forecast,35,freeze
530,5.142649173736572,8 days 18:00:00,surface_air_temperature,RMSE,ERA5,zarr_forecast,35,freeze
531,5.833013534545898,9 days 00:00:00,surface_air_temperature,RMSE,ERA5,zarr_forecast,35,freeze
532,5.340404510498047,9 days 06:00:00,surface_air_temperature,RMSE,ERA5,zarr_forecast,35,freeze
533,5.150243759155273,9 days 12:00:00,surface_air_temperature,RMSE,ERA5,zarr_forecast,35,freeze
534,6.0844407081604,9 days 18:00:00,surface_air_temperature,RMSE,ERA5,zarr_forecast,35,freeze
535,6.625608444213867,10 days 00:00:00,surface_air_temperature,RMSE,ERA5,zarr_forecast,35,freeze
536,,,surface_air_temperature,OnsetME,ERA5,zarr_forecast,35,freeze
537,,,surface_air_temperature,OnsetME,ERA5,zarr_forecast,35,freeze
538,,,surface_air_temperature,OnsetME,ERA5,zarr_forecast,35,freeze
539,,,surface_air_temperature,OnsetME,ERA5,zarr_forecast,35,freeze
540,,,surface_air_temperature,OnsetME,ERA5,zarr_forecast,35,freeze
541,,,surface_air_temperature,OnsetME,ERA5,zarr_forecast,35,freeze
542,,,surface_air_temperature,OnsetME,ERA5,zarr_forecast,35,freeze
543,,,surface_air_temperature,OnsetME,ERA5,zarr_forecast,35,freeze
544,,,surface_air_temperature,OnsetME,ERA5,zarr_forecast,35,freeze
545,,,surface_air_temperature,OnsetME,ERA5,zarr_forecast,35,freeze
546,,,surface_air_temperature,OnsetME,ERA5,zarr_forecast,35,freeze
547,,,surface_air_temperature,OnsetME,ERA5,zarr_forecast,35,freeze
548,,,surface_air_temperature,OnsetME,ERA5,zarr_forecast,35,freeze
549,,,surface_air_temperature,OnsetME,ERA5,zarr_forecast,35,freeze
550,,,surface_air_temperature,OnsetME,ERA5,zarr_forecast,35,freeze
551,,,surface_air_temperature,OnsetME,ERA5,zarr_forecast,35,freeze
552,,,surface_air_temperature,OnsetME,ERA5,zarr_forecast,35,freeze
553,,,surface_air_temperature,OnsetME,ERA5,zarr_forecast,35,freeze
554,,,surface_air_temperature,OnsetME,ERA5,zarr_forecast,35,freeze
555,,,surface_air_temperature,OnsetME,ERA5,zarr_forecast,35,freeze
556,,,surface_air_temperature,OnsetME,ERA5,zarr_forecast,35,freeze
557,,,surface_air_temperature,OnsetME,ERA5,zarr_forecast,35,freeze
558,,,surface_air_temperature,OnsetME,ERA5,zarr_forecast,35,freeze
559,,,surface_air_temperature,OnsetME,ERA5,zarr_forecast,35,freeze
560,,,surface_air_temperature,OnsetME,ERA5,zarr_forecast,35,freeze
561,,,surface_air_temperature,OnsetME,ERA5,zarr_forecast,35,freeze
562,,,surface_air_temperature,OnsetME,ERA5,zarr_forecast,35,freeze
563,,,surface_air_temperature,OnsetME,ERA5,zarr_forecast,35,freeze
564,,,surface_air_temperature,OnsetME,ERA5,zarr_forecast,35,freeze
565,,,surface_air_temperature,OnsetME,ERA5,zarr_forecast,35,freeze
566,,,surface_air_temperature,OnsetME,ERA5,zarr_forecast,35,freeze
567,,,surface_air_temperature,OnsetME,ERA5,zarr_forecast,35,freeze
568,,,surface_air_temperature,OnsetME,ERA5,zarr_forecast,35,freeze
569,,,surface_air_temperature,OnsetME,ERA5,zarr_forecast,35,freeze
570,,,surface_air_temperature,OnsetME,ERA5,zarr_forecast,35,freeze
571,,,surface_air_temperature,OnsetME,ERA5,zarr_forecast,35,freeze
572,,,surface_air_temperature,OnsetME,ERA5,zarr_forecast,35,freeze
573,,,surface_air_temperature,OnsetME,ERA5,zarr_forecast,35,freeze
574,,,surface_air_temperature,OnsetME,ERA5,zarr_forecast,35,freeze
575,,,surface_air_temperature,DurationME,ERA5,zarr_forecast,35,freeze
576,,,surface_air_temperature,DurationME,ERA5,zarr_forecast,35,freeze
577,,,surface_air_temperature,DurationME,ERA5,zarr_forecast,35,freeze
578,,,surface_air_temperature,DurationME,ERA5,zarr_forecast,35,freeze
579,,,surface_air_temperature,DurationME,ERA5,zarr_forecast,35,freeze
580,,,surface_air_temperature,DurationME,ERA5,zarr_forecast,35,freeze
581,,,surface_air_temperature,DurationME,ERA5,zarr_forecast,35,freeze
582,,,surface_air_temperature,DurationME,ERA5,zarr_forecast,35,freeze
583,,,surface_air_temperature,DurationME,ERA5,zarr_forecast,35,freeze
584,,,surface_air_temperature,DurationME,ERA5,zarr_forecast,35,freeze
585,,,surface_air_temperature,DurationME,ERA5,zarr_forecast,35,freeze
586,,,surface_air_temperature,DurationME,ERA5,zarr_forecast,35,freeze
587,,,surface_air_temperature,DurationME,ERA5,zarr_forecast,35,freeze
588,,,surface_air_temperature,DurationME,ERA5,zarr_forecast,35,freeze
589,,,surface_air_temperature,DurationME,ERA5,zarr_forecast,35,freeze
590,,,surface_air_temperature,DurationME,ERA5,zarr_forecast,35,freeze
591,,,surface_air_temperature,DurationME,ERA5,zarr_forecast,35,freeze
592,,,surface_air_temperature,DurationME,ERA5,zarr_forecast,35,freeze
593,,,surface_air_temperature,DurationME,ERA5,zarr_forecast,35,freeze
594,,,surface_air_temperature,DurationME,ERA5,zarr_forecast,35,freeze
595,,,surface_air_temperature,DurationME,ERA5,zarr_forecast,35,freeze
596,,,surface_air_temperature,DurationME,ERA5,zarr_forecast,35,freeze
597,,,surface_air_temperature,DurationME,ERA5,zarr_forecast,35,freeze
598,,,surface_air_temperature,DurationME,ERA5,zarr_forecast,35,freeze
599,,,surface_air_temperature,DurationME,ERA5,zarr_forecast,35,freeze
600,,,surface_air_temperature,DurationME,ERA5,zarr_forecast,35,freeze
601,,,surface_air_temperature,DurationME,ERA5,zarr_forecast,35,freeze
602,,,surface_air_temperature,DurationME,ERA5,zarr_forecast,35,freeze
603,,,surface_air_temperature,DurationME,ERA5,zarr_forecast,35,freeze
604,,,surface_air_temperature,DurationME,ERA5,zarr_forecast,35,freeze
605,,,surface_air_temperature,DurationME,ERA5,zarr_forecast,35,freeze
606,,,surface_air_temperature,DurationME,ERA5,zarr_forecast,35,freeze
607,,,surface_air_temperature,DurationME,ERA5,zarr_forecast,35,freeze
608,,,surface_air_temperature,DurationME,ERA5,zarr_forecast,35,freeze
609,,,surface_air_temperature,DurationME,ERA5,zarr_forecast,35,freeze
610,,,surface_air_temperature,DurationME,ERA5,zarr_forecast,35,freeze
611,,,surface_air_temperature,DurationME,ERA5,zarr_forecast,35,freeze
612,,,surface_air_temperature,DurationME,ERA5,zarr_forecast,35,freeze
613,,,surface_air_temperature,DurationME,ERA5,zarr_forecast,35,freeze
614,0.763153076171875,0 days 00:00:00,surface_air_temperature,MinimumMAE,ERA5,zarr_forecast,90,freeze
615,1.103729248046875,0 days 06:00:00,surface_air_temperature,MinimumMAE,ERA5,zarr_forecast,90,freeze
616,0.543670654296875,0 days 12:00:00,surface_air_temperature,MinimumMAE,ERA5,zarr_forecast,90,freeze
617,1.479888916015625,0 days 18:00:00,surface_air_temperature,MinimumMAE,ERA5,zarr_forecast,90,freeze
618,0.43817138671875,1 days 00:00:00,surface_air_temperature,MinimumMAE,ERA5,zarr_forecast,90,freeze
619,1.5269775390625,1 days 06:00:00,surface_air_temperature,MinimumMAE,ERA5,zarr_forecast,90,freeze
620,0.38238525390625,1 days 12:00:00,surface_air_temperature,MinimumMAE,ERA5,zarr_forecast,90,freeze
621,1.53509521484375,1 days 18:00:00,surface_air_temperature,MinimumMAE,ERA5,zarr_forecast,90,freeze
622,0.33782958984375,2 days 00:00:00,surface_air_temperature,MinimumMAE,ERA5,zarr_forecast,90,freeze
623,2.001861572265625,2 days 06:00:00,surface_air_temperature,MinimumMAE,ERA5,zarr_forecast,90,freeze
624,0.016265869140625,2 days 12:00:00,surface_air_temperature,MinimumMAE,ERA5,zarr_forecast,90,freeze
625,2.979339599609375,2 days 18:00:00,surface_air_temperature,MinimumMAE,ERA5,zarr_forecast,90,freeze
626,0.21624755859375,3 days 00:00:00,surface_air_temperature,MinimumMAE,ERA5,zarr_forecast,90,freeze
627,2.47088623046875,3 days 06:00:00,surface_air_temperature,MinimumMAE,ERA5,zarr_forecast,90,freeze
628,0.163726806640625,3 days 12:00:00,surface_air_temperature,MinimumMAE,ERA5,zarr_forecast,90,freeze
629,3.405364990234375,3 days 18:00:00,surface_air_temperature,MinimumMAE,ERA5,zarr_forecast,90,freeze
630,0.087615966796875,4 days 00:00:00,surface_air_temperature,MinimumMAE,ERA5,zarr_forecast,90,freeze
631,2.321990966796875,4 days 06:00:00,surface_air_temperature,MinimumMAE,ERA5,zarr_forecast,90,freeze
632,0.597564697265625,4 days 12:00:00,surface_air_temperature,MinimumMAE,ERA5,zarr_forecast,90,freeze
633,2.64080810546875,4 days 18:00:00,surface_air_temperature,MinimumMAE,ERA5,zarr_forecast,90,freeze
634,0.059234619140625,5 days 00:00:00,surface_air_temperature,MinimumMAE,ERA5,zarr_forecast,90,freeze
635,4.056060791015625,5 days 06:00:00,surface_air_temperature,MinimumMAE,ERA5,zarr_forecast,90,freeze
636,1.47442626953125,5 days 12:00:00,surface_air_temperature,MinimumMAE,ERA5,zarr_forecast,90,freeze
637,3.700469970703125,5 days 18:00:00,surface_air_temperature,MinimumMAE,ERA5,zarr_forecast,90,freeze
638,0.949676513671875,6 days 00:00:00,surface_air_temperature,MinimumMAE,ERA5,zarr_forecast,90,freeze
639,1.1741943359375,6 days 06:00:00,surface_air_temperature,MinimumMAE,ERA5,zarr_forecast,90,freeze
640,0.98138427734375,6 days 12:00:00,surface_air_temperature,MinimumMAE,ERA5,zarr_forecast,90,freeze
641,0.714874267578125,6 days 18:00:00,surface_air_temperature,MinimumMAE,ERA5,zarr_forecast,90,freeze
642,0.865020751953125,7 days 00:00:00,surface_air_temperature,MinimumMAE,ERA5,zarr_forecast,90,freeze
643,1.06549072265625,7 days 06:00:00,surface_air_temperature,MinimumMAE,ERA5,zarr_forecast,90,freeze
644,0.8919677734375,7 days 12:00:00,surface_air_temperature,MinimumMAE,ERA5,zarr_forecast,90,freeze
645,1.8424072265625,7 days 18:00:00,surface_air_temperature,MinimumMAE,ERA5,zarr_forecast,90,freeze
646,0.69537353515625,8 days 00:00:00,surface_air_temperature,MinimumMAE,ERA5,zarr_forecast,90,freeze
647,3.91119384765625,8 days 06:00:00,surface_air_temperature,MinimumMAE,ERA5,zarr_forecast,90,freeze
648,1.140838623046875,8 days 12:00:00,surface_air_temperature,MinimumMAE,ERA5,zarr_forecast,90,freeze
649,1.69805908203125,8 days 18:00:00,surface_air_temperature,MinimumMAE,ERA5,zarr_forecast,90,freeze
650,0.0574951171875,9 days 00:00:00,surface_air_temperature,MinimumMAE,ERA5,zarr_forecast,90,freeze
651,2.75732421875,9 days 06:00:00,surface_air_temperature,MinimumMAE,ERA5,zarr_forecast,90,freeze
652,1.434844970703125,9 days 12:00:00,surface_air_temperature,MinimumMAE,ERA5,zarr_forecast,90,freeze
653,5.701416015625,9 days 18:00:00,surface_air_temperature,MinimumMAE,ERA5,zarr_forecast,90,freeze
654,1.976837158203125,10 days 00:00:00,surface_air_temperature,MinimumMAE,ERA5,zarr_forecast,90,freeze
655,2.32365345954895,0 days 00:00:00,surface_air_temperature,RMSE,ERA5,zarr_forecast,90,freeze
656,2.2750751972198486,0 days 06:00:00,surface_air_temperature,RMSE,ERA5,zarr_forecast,90,freeze
657,2.2562286853790283,0 days 12:00:00,surface_air_temperature,RMSE,ERA5,zarr_forecast,90,freeze
658,2.2712883949279785,0 days 18:00:00,surface_air_temperature,RMSE,ERA5,zarr_forecast,90,freeze
659,2.2906179428100586,1 days 00:00:00,surface_air_temperature,RMSE,ERA5,zarr_forecast,90,freeze
660,2.385462999343872,1 days 06:00:00,surface_air_temperature,RMSE,ERA5,zarr_forecast,90,freeze
661,2.5079424381256104,1 days 12:00:00,surface_air_temperature,RMSE,ERA5,zarr_forecast,90,freeze
662,2.6968531608581543,1 days 18:00:00,surface_air_temperature,RMSE,ERA5,zarr_forecast,90,freeze
663,2.8611509799957275,2 days 00:00:00,surface_air_temperature,RMSE,ERA5,zarr_forecast,90,freeze
664,2.9095137119293213,2 days 06:00:00,surface_air_temperature,RMSE,ERA5,zarr_forecast,90,freeze
665,3.0968692302703857,2 days 12:00:00,surface_air_temperature,RMSE,ERA5,zarr_forecast,90,freeze
666,3.081343412399292,2 days 18:00:00,surface_air_temperature,RMSE,ERA5,zarr_forecast,90,freeze
667,3.1137208938598633,3 days 00:00:00,surface_air_temperature,RMSE,ERA5,zarr_forecast,90,freeze
668,3.240152597427368,3 days 06:00:00,surface_air_temperature,RMSE,ERA5,zarr_forecast,90,freeze
669,3.094747304916382,3 days 12:00:00,surface_air_temperature,RMSE,ERA5,zarr_forecast,90,freeze
670,3.5615298748016357,3 days 18:00:00,surface_air_temperature,RMSE,ERA5,zarr_forecast,90,freeze
671,3.0048911571502686,4 days 00:00:00,surface_air_temperature,RMSE,ERA5,zarr_forecast,90,freeze
672,3.5165886878967285,4 days 06:00:00,surface_air_temperature,RMSE,ERA5,zarr_forecast,90,freeze
673,2.666492223739624,4 days 12:00:00,surface_air_temperature,RMSE,ERA5,zarr_forecast,90,freeze
674,3.1856181621551514,4 days 18:00:00,surface_air_temperature,RMSE,ERA5,zarr_forecast,90,freeze
675,2.999443531036377,5 days 00:00:00,surface_air_temperature,RMSE,ERA5,zarr_forecast,90,freeze
676,3.559403657913208,5 days 06:00:00,surface_air_temperature,RMSE,ERA5,zarr_forecast,90,freeze
677,3.4397811889648438,5 days 12:00:00,surface_air_temperature,RMSE,ERA5,zarr_forecast,90,freeze
678,4.580544948577881,5 days 18:00:00,surface_air_temperature,RMSE,ERA5,zarr_forecast,90,freeze
679,4.592927932739258,6 days 00:00:00,surface_air_temperature,RMSE,ERA5,zarr_forecast,90,freeze
680,5.637930870056152,6 days 06:00:00,surface_air_temperature,RMSE,ERA5,zarr_forecast,90,freeze
681,5.768355369567871,6 days 12:00:00,surface_air_temperature,RMSE,ERA5,zarr_forecast,90,freeze
682,6.323088645935059,6 days 18:00:00,surface_air_temperature,RMSE,ERA5,zarr_forecast,90,freeze
683,5.911849498748779,7 days 00:00:00,surface_air_temperature,RMSE,ERA5,zarr_forecast,90,freeze
684,6.744536399841309,7 days 06:00:00,surface_air_temperature,RMSE,ERA5,zarr_forecast,90,freeze
685,5.652568340301514,7 days 12:00:00,surface_air_temperature,RMSE,ERA5,zarr_forecast,90,freeze
686,5.797388076782227,7 days 18:00:00,surface_air_temperature,RMSE,ERA5,zarr_forecast,90,freeze
687,4.549790859222412,8 days 00:00:00,surface_air_temperature,RMSE,ERA5,zarr_forecast,90,freeze
688,5.822409629821777,8 days 06:00:00,surface_air_temperature,RMSE,ERA5,zarr_forecast,90,freeze
689,4.230607986450195,8 days 12:00:00,surface_air_temperature,RMSE,ERA5,zarr_forecast,90,freeze
690,3.9158875942230225,8 days 18:00:00,surface_air_temperature,RMSE,ERA5,zarr_forecast,90,freeze
691,3.3707447052001953,9 days 00:00:00,surface_air_temperature,RMSE,ERA5,zarr_forecast,90,freeze
692,3.9970078468322754,9 days 06:00:00,surface_air_temperature,RMSE,ERA5,zarr_forecast,90,freeze
693,4.444608211517334,9 days 12:00:00,surface_air_temperature,RMSE,ERA5,zarr_forecast,90,freeze
694,5.431850910186768,9 days 18:00:00,surface_air_temperature,RMSE,ERA5,zarr_forecast,90,freeze
695,5.647461414337158,10 days 00:00:00,surface_air_temperature,RMSE,ERA5,zarr_forecast,90,freeze
696,,,surface_air_temperature,OnsetME,ERA5,zarr_forecast,90,freeze
697,,,surface_air_temperature,OnsetME,ERA5,zarr_forecast,90,freeze
698,,,surface_air_temperature,OnsetME,ERA5,zarr_forecast,90,freeze
699,,,surface_air_temperature,OnsetME,ERA5,zarr_forecast,90,freeze
700,,,surface_air_temperature,OnsetME,ERA5,zarr_forecast,90,freeze
701,,,surface_air_temperature,OnsetME,ERA5,zarr_forecast,90,freeze
702,,,surface_air_temperature,OnsetME,ERA5,zarr_forecast,90,freeze
703,,,surface_air_temperature,OnsetME,ERA5,zarr_forecast,90,freeze
704,,,surface_air_temperature,OnsetME,ERA5,zarr_forecast,90,freeze
705,,,surface_air_temperature,OnsetME,ERA5,zarr_forecast,90,freeze
706,,,surface_air_temperature,OnsetME,ERA5,zarr_forecast,90,freeze
707,,,surface_air_temperature,OnsetME,ERA5,zarr_forecast,90,freeze
708,,,surface_air_temperature,OnsetME,ERA5,zarr_forecast,90,freeze
709,,,surface_air_temperature,OnsetME,ERA5,zarr_forecast,90,freeze
710,,,surface_air_temperature,OnsetME,ERA5,zarr_forecast,90,freeze
711,,,surface_air_temperature,OnsetME,ERA5,zarr_forecast,90,freeze
712,,,surface_air_temperature,OnsetME,ERA5,zarr_forecast,90,freeze
713,,,surface_air_temperature,OnsetME,ERA5,zarr_forecast,90,freeze
714,,,surface_air_temperature,OnsetME,ERA5,zarr_forecast,90,freeze
715,,,surface_air_temperature,OnsetME,ERA5,zarr_forecast,90,freeze
716,,,surface_air_temperature,OnsetME,ERA5,zarr_forecast,90,freeze
717,,,surface_air_temperature,OnsetME,ERA5,zarr_forecast,90,freeze
718,,,surface_air_temperature,OnsetME,ERA5,zarr_forecast,90,freeze
719,,,surface_air_temperature,OnsetME,ERA5,zarr_forecast,90,freeze
720,,,surface_air_temperature,OnsetME,ERA5,zarr_forecast,90,freeze
721,,,surface_air_temperature,OnsetME,ERA5,zarr_forecast,90,freeze
722,,,surface_air_temperature,OnsetME,ERA5,zarr_forecast,90,freeze
723,,,surface_air_temperature,OnsetME,ERA5,zarr_forecast,90,freeze
724,,,surface_air_temperature,OnsetME,ERA5,zarr_forecast,90,freeze
725,,,surface_air_temperature,OnsetME,ERA5,zarr_forecast,90,freeze
726,,,surface_air_temperature,OnsetME,ERA5,zarr_forecast,90,freeze
727,,,surface_air_temperature,OnsetME,ERA5,zarr_forecast,90,freeze
728,,,surface_air_temperature,DurationME,ERA5,zarr_forecast,90,freeze
729,,,surface_air_temperature,DurationME,ERA5,zarr_forecast,90,freeze
730,,,surface_air_temperature,DurationME,ERA5,zarr_forecast,90,freeze
731,,,surface_air_temperature,DurationME,ERA5,zarr_forecast,90,freeze
732,,,surface_air_temperature,DurationME,ERA5,zarr_forecast,90,freeze
733,,,surface_air_temperature,DurationME,ERA5,zarr_forecast,90,freeze
734,,,surface_air_temperature,DurationME,ERA5,zarr_forecast,90,freeze
735,,,surface_air_temperature,DurationME,ERA5,zarr_forecast,90,freeze
736,,,surface_air_temperature,DurationME,ERA5,zarr_forecast,90,freeze
737,,,surface_air_temperature,DurationME,ERA5,zarr_forecast,90,freeze
738,,,surface_air_temperature,DurationME,ERA5,zarr_forecast,90,freeze
739,,,surface_air_temperature,DurationME,ERA5,zarr_forecast,90,freeze
740,,,surface_air_temperature,DurationME,ERA5,zarr_forecast,90,freeze
741,,,surface_air_temperature,DurationME,ERA5,zarr_forecast,90,freeze
742,,,surface_air_temperature,DurationME,ERA5,zarr_forecast,90,freeze
743,,,surface_air_temperature,DurationME,ERA5,zarr_forecast,90,freeze
744,,,surface_air_temperature,DurationME,ERA5,zarr_forecast,90,freeze
745,,,surface_air_temperature,DurationME,ERA5,zarr_forecast,90,freeze
746,,,surface_air_temperature,DurationME,ERA5,zarr_forecast,90,freeze
747,,,surface_air_temperature,DurationME,ERA5,zarr_forecast,90,freeze
748,,,surface_air_temperature,DurationME,ERA5,zarr_forecast,90,freeze
749,,,surface_air_temperature,DurationME,ERA5,zarr_forecast,90,freeze
750,,,surface_air_temperature,DurationME,ERA5,zarr_forecast,90,freeze
751,,,surface_air_temperature,DurationME,ERA5,zarr_forecast,90,freeze
752,,,surface_air_temperature,DurationME,ERA5,zarr_forecast,90,freeze
753,,,surface_air_temperature,DurationME,ERA5,zarr_forecast,90,freeze
754,,,surface_air_temperature,DurationME,ERA5,zarr_forecast,90,freeze
755,,,surface_air_temperature,DurationME,ERA5,zarr_forecast,90,freeze
756,,,surface_air_temperature,DurationME,ERA5,zarr_forecast,90,freeze
757,,,surface_air_temperature,DurationME,ERA5,zarr_forecast,90,freeze
758,,,surface_air_temperature,DurationME,ERA5,zarr_forecast,90,freeze
759,,,surface_air_temperature,DurationME,ERA5,zarr_forecast,90,freeze
760,0.445709228515625,0 days 00:00:00,surface_air_temperature,MinimumMAE,ERA5,zarr_forecast,91,freeze
761,1.441619873046875,0 days 06:00:00,surface_air_temperature,MinimumMAE,ERA5,zarr_forecast,91,freeze
762,0.276458740234375,0 days 12:00:00,surface_air_temperature,MinimumMAE,ERA5,zarr_forecast,91,freeze
763,0.95953369140625,0 days 18:00:00,surface_air_temperature,MinimumMAE,ERA5,zarr_forecast,91,freeze
764,0.788970947265625,1 days 00:00:00,surface_air_temperature,MinimumMAE,ERA5,zarr_forecast,91,freeze
765,0.794891357421875,1 days 06:00:00,surface_air_temperature,MinimumMAE,ERA5,zarr_forecast,91,freeze
766,0.87933349609375,1 days 12:00:00,surface_air_temperature,MinimumMAE,ERA5,zarr_forecast,91,freeze
767,0.617431640625,1 days 18:00:00,surface_air_temperature,MinimumMAE,ERA5,zarr_forecast,91,freeze
768,1.0299072265625,2 days 00:00:00,surface_air_temperature,MinimumMAE,ERA5,zarr_forecast,91,freeze
769,0.3994140625,2 days 06:00:00,surface_air_temperature,MinimumMAE,ERA5,zarr_forecast,91,freeze
770,1.04364013671875,2 days 12:00:00,surface_air_temperature,MinimumMAE,ERA5,zarr_forecast,91,freeze
771,0.415679931640625,2 days 18:00:00,surface_air_temperature,MinimumMAE,ERA5,zarr_forecast,91,freeze
772,0.729278564453125,3 days 00:00:00,surface_air_temperature,MinimumMAE,ERA5,zarr_forecast,91,freeze
773,0.44512939453125,3 days 06:00:00,surface_air_temperature,MinimumMAE,ERA5,zarr_forecast,91,freeze
774,0.380615234375,3 days 12:00:00,surface_air_temperature,MinimumMAE,ERA5,zarr_forecast,91,freeze
775,0.1324462890625,3 days 18:00:00,surface_air_temperature,MinimumMAE,ERA5,zarr_forecast,91,freeze
776,0.841888427734375,4 days 00:00:00,surface_air_temperature,MinimumMAE,ERA5,zarr_forecast,91,freeze
777,0.725311279296875,4 days 06:00:00,surface_air_temperature,MinimumMAE,ERA5,zarr_forecast,91,freeze
778,0.720611572265625,4 days 12:00:00,surface_air_temperature,MinimumMAE,ERA5,zarr_forecast,91,freeze
779,0.22265625,4 days 18:00:00,surface_air_temperature,MinimumMAE,ERA5,zarr_forecast,91,freeze
780,0.956146240234375,5 days 00:00:00,surface_air_temperature,MinimumMAE,ERA5,zarr_forecast,91,freeze
781,0.59735107421875,5 days 06:00:00,surface_air_temperature,MinimumMAE,ERA5,zarr_forecast,91,freeze
782,1.817535400390625,5 days 12:00:00,surface_air_temperature,MinimumMAE,ERA5,zarr_forecast,91,freeze
783,0.447174072265625,5 days 18:00:00,surface_air_temperature,MinimumMAE,ERA5,zarr_forecast,91,freeze
784,1.320343017578125,6 days 00:00:00,surface_air_temperature,MinimumMAE,ERA5,zarr_forecast,91,freeze
785,0.16217041015625,6 days 06:00:00,surface_air_temperature,MinimumMAE,ERA5,zarr_forecast,91,freeze
786,0.821502685546875,6 days 12:00:00,surface_air_temperature,MinimumMAE,ERA5,zarr_forecast,91,freeze
787,0.083709716796875,6 days 18:00:00,surface_air_temperature,MinimumMAE,ERA5,zarr_forecast,91,freeze
788,1.42724609375,7 days 00:00:00,surface_air_temperature,MinimumMAE,ERA5,zarr_forecast,91,freeze
789,0.734405517578125,7 days 06:00:00,surface_air_temperature,MinimumMAE,ERA5,zarr_forecast,91,freeze
790,2.42999267578125,7 days 12:00:00,surface_air_temperature,MinimumMAE,ERA5,zarr_forecast,91,freeze
791,2.13970947265625,7 days 18:00:00,surface_air_temperature,MinimumMAE,ERA5,zarr_forecast,91,freeze
792,3.2359619140625,8 days 00:00:00,surface_air_temperature,MinimumMAE,ERA5,zarr_forecast,91,freeze
793,0.478302001953125,8 days 06:00:00,surface_air_temperature,MinimumMAE,ERA5,zarr_forecast,91,freeze
794,0.775390625,8 days 12:00:00,surface_air_temperature,MinimumMAE,ERA5,zarr_forecast,91,freeze
795,0.804656982421875,8 days 18:00:00,surface_air_temperature,MinimumMAE,ERA5,zarr_forecast,91,freeze
796,1.67132568359375,9 days 00:00:00,surface_air_temperature,MinimumMAE,ERA5,zarr_forecast,91,freeze
797,0.51092529296875,9 days 06:00:00,surface_air_temperature,MinimumMAE,ERA5,zarr_forecast,91,freeze
798,0.159454345703125,9 days 12:00:00,surface_air_temperature,MinimumMAE,ERA5,zarr_forecast,91,freeze
799,6.20477294921875,9 days 18:00:00,surface_air_temperature,MinimumMAE,ERA5,zarr_forecast,91,freeze
800,0.13525390625,10 days 00:00:00,surface_air_temperature,MinimumMAE,ERA5,zarr_forecast,91,freeze
801,1.7867510318756104,0 days 00:00:00,surface_air_temperature,RMSE,ERA5,zarr_forecast,91,freeze
802,1.5487428903579712,0 days 06:00:00,surface_air_temperature,RMSE,ERA5,zarr_forecast,91,freeze
803,2.1015658378601074,0 days 12:00:00,surface_air_temperature,RMSE,ERA5,zarr_forecast,91,freeze
804,1.702642798423767,0 days 18:00:00,surface_air_temperature,RMSE,ERA5,zarr_forecast,91,freeze
805,2.343926191329956,1 days 00:00:00,surface_air_temperature,RMSE,ERA5,zarr_forecast,91,freeze
806,1.884194254875183,1 days 06:00:00,surface_air_temperature,RMSE,ERA5,zarr_forecast,91,freeze
807,2.395320415496826,1 days 12:00:00,surface_air_temperature,RMSE,ERA5,zarr_forecast,91,freeze
808,1.9971539974212646,1 days 18:00:00,surface_air_temperature,RMSE,ERA5,zarr_forecast,91,freeze
809,2.478806257247925,2 days 00:00:00,surface_air_temperature,RMSE,ERA5,zarr_forecast,91,freeze
810,2.0716981887817383,2 days 06:00:00,surface_air_temperature,RMSE,ERA5,zarr_forecast,91,freeze
811,2.5048701763153076,2 days 12:00:00,surface_air_temperature,RMSE,ERA5,zarr_forecast,91,freeze
812,2.1627628803253174,2 days 18:00:00,surface_air_temperature,RMSE,ERA5,zarr_forecast,91,freeze
813,2.73238468170166,3 days 00:00:00,surface_air_temperature,RMSE,ERA5,zarr_forecast,91,freeze
814,2.259516954421997,3 days 06:00:00,surface_air_temperature,RMSE,ERA5,zarr_forecast,91,freeze
815,2.7371740341186523,3 days 12:00:00,surface_air_temperature,RMSE,ERA5,zarr_forecast,91,freeze
816,2.1999948024749756,3 days 18:00:00,surface_air_temperature,RMSE,ERA5,zarr_forecast,91,freeze
817,2.827455997467041,4 days 00:00:00,surface_air_temperature,RMSE,ERA5,zarr_forecast,91,freeze
818,2.2748544216156006,4 days 06:00:00,surface_air_temperature,RMSE,ERA5,zarr_forecast,91,freeze
819,2.6413893699645996,4 days 12:00:00,surface_air_temperature,RMSE,ERA5,zarr_forecast,91,freeze
820,2.451739549636841,4 days 18:00:00,surface_air_temperature,RMSE,ERA5,zarr_forecast,91,freeze
821,2.8568274974823,5 days 00:00:00,surface_air_temperature,RMSE,ERA5,zarr_forecast,91,freeze
822,3.2899861335754395,5 days 06:00:00,surface_air_temperature,RMSE,ERA5,zarr_forecast,91,freeze
823,3.555377244949341,5 days 12:00:00,surface_air_temperature,RMSE,ERA5,zarr_forecast,91,freeze
824,3.367180585861206,5 days 18:00:00,surface_air_temperature,RMSE,ERA5,zarr_forecast,91,freeze
825,3.327120542526245,6 days 00:00:00,surface_air_temperature,RMSE,ERA5,zarr_forecast,91,freeze
826,3.278700590133667,6 days 06:00:00,surface_air_temperature,RMSE,ERA5,zarr_forecast,91,freeze
827,3.2120378017425537,6 days 12:00:00,surface_air_temperature,RMSE,ERA5,zarr_forecast,91,freeze
828,3.3400607109069824,6 days 18:00:00,surface_air_temperature,RMSE,ERA5,zarr_forecast,91,freeze
829,3.5662026405334473,7 days 00:00:00,surface_air_temperature,RMSE,ERA5,zarr_forecast,91,freeze
830,4.087233543395996,7 days 06:00:00,surface_air_temperature,RMSE,ERA5,zarr_forecast,91,freeze
831,4.615908145904541,7 days 12:00:00,surface_air_temperature,RMSE,ERA5,zarr_forecast,91,freeze
832,4.7941670417785645,7 days 18:00:00,surface_air_temperature,RMSE,ERA5,zarr_forecast,91,freeze
833,5.338735580444336,8 days 00:00:00,surface_air_temperature,RMSE,ERA5,zarr_forecast,91,freeze
834,5.472401142120361,8 days 06:00:00,surface_air_temperature,RMSE,ERA5,zarr_forecast,91,freeze
835,5.825613975524902,8 days 12:00:00,surface_air_temperature,RMSE,ERA5,zarr_forecast,91,freeze
836,4.769085884094238,8 days 18:00:00,surface_air_temperature,RMSE,ERA5,zarr_forecast,91,freeze
837,5.563633441925049,9 days 00:00:00,surface_air_temperature,RMSE,ERA5,zarr_forecast,91,freeze
838,5.0094218254089355,9 days 06:00:00,surface_air_temperature,RMSE,ERA5,zarr_forecast,91,freeze
839,4.908774375915527,9 days 12:00:00,surface_air_temperature,RMSE,ERA5,zarr_forecast,91,freeze
840,4.223369598388672,9 days 18:00:00,surface_air_temperature,RMSE,ERA5,zarr_forecast,91,freeze
841,4.505212783813477,10 days 00:00:00,surface_air_temperature,RMSE,ERA5,zarr_forecast,91,freeze
842,,,surface_air_temperature,OnsetME,ERA5,zarr_forecast,91,freeze
843,,,surface_air_temperature,OnsetME,ERA5,zarr_forecast,91,freeze
844,,,surface_air_temperature,OnsetME,ERA5,zarr_forecast,91,freeze
845,,,surface_air_temperature,OnsetME,ERA5,zarr_forecast,91,freeze
846,,,surface_air_temperature,OnsetME,ERA5,zarr_forecast,91,freeze
847,,,surface_air_temperature,OnsetME,ERA5,zarr_forecast,91,freeze
848,,,surface_air_temperature,OnsetME,ERA5,zarr_forecast,91,freeze
849,,,surface_air_temperature,OnsetME,ERA5,zarr_forecast,91,freeze
850,,,surface_air_temperature,OnsetME,ERA5,zarr_forecast,91,freeze
851,,,surface_air_temperature,OnsetME,ERA5,zarr_forecast,91,freeze
852,,,surface_air_temperature,OnsetME,ERA5,zarr_forecast,91,freeze
853,,,surface_air_temperature,OnsetME,ERA5,zarr_forecast,91,freeze
854,,,surface_air_temperature,OnsetME,ERA5,zarr_forecast,91,freeze
855,,,surface_air_temperature,OnsetME,ERA5,zarr_forecast,91,freeze
856,,,surface_air_temperature,OnsetME,ERA5,zarr_forecast,91,freeze
857,,,surface_air_temperature,OnsetME,ERA5,zarr_forecast,91,freeze
858,,,surface_air_temperature,OnsetME,ERA5,zarr_forecast,91,freeze
859,,,surface_air_temperature,OnsetME,ERA5,zarr_forecast,91,freeze
860,,,surface_air_temperature,OnsetME,ERA5,zarr_forecast,91,freeze
861,,,surface_air_temperature,OnsetME,ERA5,zarr_forecast,91,freeze
862,,,surface_air_temperature,OnsetME,ERA5,zarr_forecast,91,freeze
863,,,surface_air_temperature,OnsetME,ERA5,zarr_forecast,91,freeze
864,,,surface_air_temperature,OnsetME,ERA5,zarr_forecast,91,freeze
865,,,surface_air_temperature,OnsetME,ERA5,zarr_forecast,91,freeze
866,,,surface_air_temperature,OnsetME,ERA5,zarr_forecast,91,freeze
867,,,surface_air_temperature,OnsetME,ERA5,zarr_forecast,91,freeze
868,,,surface_air_temperature,OnsetME,ERA5,zarr_forecast,91,freeze
869,,,surface_air_temperature,OnsetME,ERA5,zarr_forecast,91,freeze
870,,,surface_air_temperature,OnsetME,ERA5,zarr_forecast,91,freeze
871,,,surface_air_temperature,OnsetME,ERA5,zarr_forecast,91,freeze
872,,,surface_air_temperature,OnsetME,ERA5,zarr_forecast,91,freeze
873,,,surface_air_temperature,OnsetME,ERA5,zarr_forecast,91,freeze
874,,,surface_air_temperature,DurationME,ERA5,zarr_forecast,91,freeze
875,,,surface_air_temperature,DurationME,ERA5,zarr_forecast,91,freeze
876,,,surface_air_temperature,DurationME,ERA5,zarr_forecast,91,freeze
877,,,surface_air_temperature,DurationME,ERA5,zarr_forecast,91,freeze
878,,,surface_air_temperature,DurationME,ERA5,zarr_forecast,91,freeze
879,,,surface_air_temperature,DurationME,ERA5,zarr_forecast,91,freeze
880,,,surface_air_temperature,DurationME,ERA5,zarr_forecast,91,freeze
881,,,surface_air_temperature,DurationME,ERA5,zarr_forecast,91,freeze
882,,,surface_air_temperature,DurationME,ERA5,zarr_forecast,91,freeze
883,,,surface_air_temperature,DurationME,ERA5,zarr_forecast,91,freeze
884,,,surface_air_temperature,DurationME,ERA5,zarr_forecast,91,freeze
885,,,surface_air_temperature,DurationME,ERA5,zarr_forecast,91,freeze
886,,,surface_air_temperature,DurationME,ERA5,zarr_forecast,91,freeze
887,,,surface_air_temperature,DurationME,ERA5,zarr_forecast,91,freeze
888,,,surface_air_temperature,DurationME,ERA5,zarr_forecast,91,freeze
889,,,surface_air_temperature,DurationME,ERA5,zarr_forecast,91,freeze
890,,,surface_air_temperature,DurationME,ERA5,zarr_forecast,91,freeze
891,,,surface_air_temperature,DurationME,ERA5,zarr_forecast,91,freeze
892,,,surface_air_temperature,DurationME,ERA5,zarr_forecast,91,freeze
893,,,surface_air_temperature,DurationME,ERA5,zarr_forecast,91,freeze
894,,,surface_air_temperature,DurationME,ERA5,zarr_forecast,91,freeze
895,,,surface_air_temperature,DurationME,ERA5,zarr_forecast,91,freeze
896,,,surface_air_temperature,DurationME,ERA5,zarr_forecast,91,freeze
897,,,surface_air_temperature,DurationME,ERA5,zarr_forecast,91,freeze
898,,,surface_air_temperature,DurationME,ERA5,zarr_forecast,91,freeze
899,,,surface_air_temperature,DurationME,ERA5,zarr_forecast,91,freeze
900,,,surface_air_temperature,DurationME,ERA5,zarr_forecast,91,freeze
901,,,surface_air_temperature,DurationME,ERA5,zarr_forecast,91,freeze
902,,,surface_air_temperature,DurationME,ERA5,zarr_forecast,91,freeze
903,,,surface_air_temperature,DurationME,ERA5,zarr_forecast,91,freeze
904,,,surface_air_temperature,DurationME,ERA5,zarr_forecast,91,freeze
905,,,surface_air_temperature,DurationME,ERA5,zarr_forecast,91,freeze
906,0.6859130859375,0 days 00:00:00,surface_air_temperature,MinimumMAE,ERA5,zarr_forecast,93,freeze
907,0.980865478515625,0 days 06:00:00,surface_air_temperature,MinimumMAE,ERA5,zarr_forecast,93,freeze
908,1.030364990234375,0 days 12:00:00,surface_air_temperature,MinimumMAE,ERA5,zarr_forecast,93,freeze
909,1.26934814453125,0 days 18:00:00,surface_air_temperature,MinimumMAE,ERA5,zarr_forecast,93,freeze
910,1.53570556640625,1 days 00:00:00,surface_air_temperature,MinimumMAE,ERA5,zarr_forecast,93,freeze
911,1.537750244140625,1 days 06:00:00,surface_air_temperature,MinimumMAE,ERA5,zarr_forecast,93,freeze
912,1.75262451171875,1 days 12:00:00,surface_air_temperature,MinimumMAE,ERA5,zarr_forecast,93,freeze
913,1.594818115234375,1 days 18:00:00,surface_air_temperature,MinimumMAE,ERA5,zarr_forecast,93,freeze
914,1.962188720703125,2 days 00:00:00,surface_air_temperature,MinimumMAE,ERA5,zarr_forecast,93,freeze
915,1.351470947265625,2 days 06:00:00,surface_air_temperature,MinimumMAE,ERA5,zarr_forecast,93,freeze
916,0.64959716796875,2 days 12:00:00,surface_air_temperature,MinimumMAE,ERA5,zarr_forecast,93,freeze
917,0.414886474609375,2 days 18:00:00,surface_air_temperature,MinimumMAE,ERA5,zarr_forecast,93,freeze
918,2.157867431640625,3 days 00:00:00,surface_air_temperature,MinimumMAE,ERA5,zarr_forecast,93,freeze
919,2.34942626953125,3 days 06:00:00,surface_air_temperature,MinimumMAE,ERA5,zarr_forecast,93,freeze
920,2.120849609375,3 days 12:00:00,surface_air_temperature,MinimumMAE,ERA5,zarr_forecast,93,freeze
921,1.712188720703125,3 days 18:00:00,surface_air_temperature,MinimumMAE,ERA5,zarr_forecast,93,freeze
922,2.4365234375,4 days 00:00:00,surface_air_temperature,MinimumMAE,ERA5,zarr_forecast,93,freeze
923,2.2095947265625,4 days 06:00:00,surface_air_temperature,MinimumMAE,ERA5,zarr_forecast,93,freeze
924,1.504547119140625,4 days 12:00:00,surface_air_temperature,MinimumMAE,ERA5,zarr_forecast,93,freeze
925,0.668975830078125,4 days 18:00:00,surface_air_temperature,MinimumMAE,ERA5,zarr_forecast,93,freeze
926,1.831085205078125,5 days 00:00:00,surface_air_temperature,MinimumMAE,ERA5,zarr_forecast,93,freeze
927,1.9716796875,5 days 06:00:00,surface_air_temperature,MinimumMAE,ERA5,zarr_forecast,93,freeze
928,1.976715087890625,5 days 12:00:00,surface_air_temperature,MinimumMAE,ERA5,zarr_forecast,93,freeze
929,2.9669189453125,5 days 18:00:00,surface_air_temperature,MinimumMAE,ERA5,zarr_forecast,93,freeze
930,3.6004638671875,6 days 00:00:00,surface_air_temperature,MinimumMAE,ERA5,zarr_forecast,93,freeze
931,2.84765625,6 days 06:00:00,surface_air_temperature,MinimumMAE,ERA5,zarr_forecast,93,freeze
932,4.17755126953125,6 days 12:00:00,surface_air_temperature,MinimumMAE,ERA5,zarr_forecast,93,freeze
933,3.5869140625,6 days 18:00:00,surface_air_temperature,MinimumMAE,ERA5,zarr_forecast,93,freeze
934,2.041015625,7 days 00:00:00,surface_air_temperature,MinimumMAE,ERA5,zarr_forecast,93,freeze
935,1.03228759765625,7 days 06:00:00,surface_air_temperature,MinimumMAE,ERA5,zarr_forecast,93,freeze
936,0.167266845703125,7 days 12:00:00,surface_air_temperature,MinimumMAE,ERA5,zarr_forecast,93,freeze
937,0.343170166015625,7 days 18:00:00,surface_air_temperature,MinimumMAE,ERA5,zarr_forecast,93,freeze
938,3.612457275390625,8 days 00:00:00,surface_air_temperature,MinimumMAE,ERA5,zarr_forecast,93,freeze
939,1.466461181640625,8 days 06:00:00,surface_air_temperature,MinimumMAE,ERA5,zarr_forecast,93,freeze
940,0.483551025390625,8 days 12:00:00,surface_air_temperature,MinimumMAE,ERA5,zarr_forecast,93,freeze
941,0.1060791015625,8 days 18:00:00,surface_air_temperature,MinimumMAE,ERA5,zarr_forecast,93,freeze
942,3.521942138671875,9 days 00:00:00,surface_air_temperature,MinimumMAE,ERA5,zarr_forecast,93,freeze
943,3.561126708984375,9 days 06:00:00,surface_air_temperature,MinimumMAE,ERA5,zarr_forecast,93,freeze
944,4.557098388671875,9 days 12:00:00,surface_air_temperature,MinimumMAE,ERA5,zarr_forecast,93,freeze
945,6.00732421875,9 days 18:00:00,surface_air_temperature,MinimumMAE,ERA5,zarr_forecast,93,freeze
946,4.646636962890625,10 days 00:00:00,surface_air_temperature,MinimumMAE,ERA5,zarr_forecast,93,freeze
947,1.2376658916473389,0 days 00:00:00,surface_air_temperature,RMSE,ERA5,zarr_forecast,93,freeze
948,1.2732092142105103,0 days 06:00:00,surface_air_temperature,RMSE,ERA5,zarr_forecast,93,freeze
949,1.3954073190689087,0 days 12:00:00,surface_air_temperature,RMSE,ERA5,zarr_forecast,93,freeze
950,1.3666738271713257,0 days 18:00:00,surface_air_temperature,RMSE,ERA5,zarr_forecast,93,freeze
951,1.5440577268600464,1 days 00:00:00,surface_air_temperature,RMSE,ERA5,zarr_forecast,93,freeze
952,1.5719441175460815,1 days 06:00:00,surface_air_temperature,RMSE,ERA5,zarr_forecast,93,freeze
953,1.656988501548767,1 days 12:00:00,surface_air_temperature,RMSE,ERA5,zarr_forecast,93,freeze
954,1.5291956663131714,1 days 18:00:00,surface_air_temperature,RMSE,ERA5,zarr_forecast,93,freeze
955,1.6851738691329956,2 days 00:00:00,surface_air_temperature,RMSE,ERA5,zarr_forecast,93,freeze
956,1.72317373752594,2 days 06:00:00,surface_air_temperature,RMSE,ERA5,zarr_forecast,93,freeze
957,1.7436078786849976,2 days 12:00:00,surface_air_temperature,RMSE,ERA5,zarr_forecast,93,freeze
958,1.7896844148635864,2 days 18:00:00,surface_air_temperature,RMSE,ERA5,zarr_forecast,93,freeze
959,1.8750004768371582,3 days 00:00:00,surface_air_temperature,RMSE,ERA5,zarr_forecast,93,freeze
960,2.02750563621521,3 days 06:00:00,surface_air_temperature,RMSE,ERA5,zarr_forecast,93,freeze
961,1.9088599681854248,3 days 12:00:00,surface_air_temperature,RMSE,ERA5,zarr_forecast,93,freeze
962,2.099196195602417,3 days 18:00:00,surface_air_temperature,RMSE,ERA5,zarr_forecast,93,freeze
963,2.1014761924743652,4 days 00:00:00,surface_air_temperature,RMSE,ERA5,zarr_forecast,93,freeze
964,2.291555643081665,4 days 06:00:00,surface_air_temperature,RMSE,ERA5,zarr_forecast,93,freeze
965,2.197767734527588,4 days 12:00:00,surface_air_temperature,RMSE,ERA5,zarr_forecast,93,freeze
966,2.2192349433898926,4 days 18:00:00,surface_air_temperature,RMSE,ERA5,zarr_forecast,93,freeze
967,2.015556573867798,5 days 00:00:00,surface_air_temperature,RMSE,ERA5,zarr_forecast,93,freeze
968,2.257927656173706,5 days 06:00:00,surface_air_temperature,RMSE,ERA5,zarr_forecast,93,freeze
969,2.253087282180786,5 days 12:00:00,surface_air_temperature,RMSE,ERA5,zarr_forecast,93,freeze
970,2.64167857170105,5 days 18:00:00,surface_air_temperature,RMSE,ERA5,zarr_forecast,93,freeze
971,2.439570426940918,6 days 00:00:00,surface_air_temperature,RMSE,ERA5,zarr_forecast,93,freeze
972,2.7974424362182617,6 days 06:00:00,surface_air_temperature,RMSE,ERA5,zarr_forecast,93,freeze
973,2.910116672515869,6 days 12:00:00,surface_air_temperature,RMSE,ERA5,zarr_forecast,93,freeze
974,2.949167251586914,6 days 18:00:00,surface_air_temperature,RMSE,ERA5,zarr_forecast,93,freeze
975,2.8498198986053467,7 days 00:00:00,surface_air_temperature,RMSE,ERA5,zarr_forecast,93,freeze
976,3.0596790313720703,7 days 06:00:00,surface_air_temperature,RMSE,ERA5,zarr_forecast,93,freeze
977,3.143880605697632,7 days 12:00:00,surface_air_temperature,RMSE,ERA5,zarr_forecast,93,freeze
978,3.4455718994140625,7 days 18:00:00,surface_air_temperature,RMSE,ERA5,zarr_forecast,93,freeze
979,3.318397283554077,8 days 00:00:00,surface_air_temperature,RMSE,ERA5,zarr_forecast,93,freeze
980,3.5136828422546387,8 days 06:00:00,surface_air_temperature,RMSE,ERA5,zarr_forecast,93,freeze
981,3.4117302894592285,8 days 12:00:00,surface_air_temperature,RMSE,ERA5,zarr_forecast,93,freeze
982,3.8194808959960938,8 days 18:00:00,surface_air_temperature,RMSE,ERA5,zarr_forecast,93,freeze
983,3.9307427406311035,9 days 00:00:00,surface_air_temperature,RMSE,ERA5,zarr_forecast,93,freeze
984,4.42462158203125,9 days 06:00:00,surface_air_temperature,RMSE,ERA5,zarr_forecast,93,freeze
985,4.386445999145508,9 days 12:00:00,surface_air_temperature,RMSE,ERA5,zarr_forecast,93,freeze
986,4.5145111083984375,9 days 18:00:00,surface_air_temperature,RMSE,ERA5,zarr_forecast,93,freeze
987,4.315835952758789,10 days 00:00:00,surface_air_temperature,RMSE,ERA5,zarr_forecast,93,freeze
988,,,surface_air_temperature,OnsetME,ERA5,zarr_forecast,93,freeze
989,,,surface_air_temperature,OnsetME,ERA5,zarr_forecast,93,freeze
990,,,surface_air_temperature,OnsetME,ERA5,zarr_forecast,93,freeze
991,,,surface_air_temperature,OnsetME,ERA5,zarr_forecast,93,freeze
992,,,surface_air_temperature,OnsetME,ERA5,zarr_forecast,93,freeze
993,,,surface_air_temperature,OnsetME,ERA5,zarr_forecast,93,freeze
994,,,surface_air_temperature,OnsetME,ERA5,zarr_forecast,93,freeze
995,,,surface_air_temperature,OnsetME,ERA5,zarr_forecast,93,freeze
996,,,surface_air_temperature,OnsetME,ERA5,zarr_forecast,93,freeze
997,,,surface_air_temperature,OnsetME,ERA5,zarr_forecast,93,freeze
998,,,surface_air_temperature,OnsetME,ERA5,zarr_forecast,93,freeze
999,,,surface_air_temperature,OnsetME,ERA5,zarr_forecast,93,freeze
1000,,,surface_air_temperature,OnsetME,ERA5,zarr_forecast,93,freeze
1001,,,surface_air_temperature,OnsetME,ERA5,zarr_forecast,93,freeze
1002,,,surface_air_temperature,OnsetME,ERA5,zarr_forecast,93,freeze
1003,,,surface_air_temperature,OnsetME,ERA5,zarr_forecast,93,freeze
1004,,,surface_air_temperature,OnsetME,ERA5,zarr_forecast,93,freeze
1005,,,surface_air_temperature,OnsetME,ERA5,zarr_forecast,93,freeze
1006,,,surface_air_temperature,OnsetME,ERA5,zarr_forecast,93,freeze
1007,,,surface_air_temperature,OnsetME,ERA5,zarr_forecast,93,freeze
1008,,,surface_air_temperature,OnsetME,ERA5,zarr_forecast,93,freeze
1009,,,surface_air_temperature,OnsetME,ERA5,zarr_forecast,93,freeze
1010,,,surface_air_temperature,OnsetME,ERA5,zarr_forecast,93,freeze
1011,,,surface_air_temperature,OnsetME,ERA5,zarr_forecast,93,freeze
1012,,,surface_air_temperature,OnsetME,ERA5,zarr_forecast,93,freeze
1013,,,surface_air_temperature,OnsetME,ERA5,zarr_forecast,93,freeze
1014,,,surface_air_temperature,OnsetME,ERA5,zarr_forecast,93,freeze
1015,,,surface_air_temperature,OnsetME,ERA5,zarr_forecast,93,freeze
1016,,,surface_air_temperature,OnsetME,ERA5,zarr_forecast,93,freeze
1017,,,surface_air_temperature,OnsetME,ERA5,zarr_forecast,93,freeze
1018,,,surface_air_temperature,OnsetME,ERA5,zarr_forecast,93,freeze
1019,,,surface_air_temperature,OnsetME,ERA5,zarr_forecast,93,freeze
1020,,,surface_air_temperature,OnsetME,ERA5,zarr_forecast,93,freeze
1021,,,surface_air_temperature,OnsetME,ERA5,zarr_forecast,93,freeze
1022,,,surface_air_temperature,OnsetME,ERA5,zarr_forecast,93,freeze
1023,,,surface_air_temperature,OnsetME,ERA5,zarr_forecast,93,freeze
1024,,,surface_air_temperature,OnsetME,ERA5,zarr_forecast,93,freeze
1025,,,surface_air_temperature,OnsetME,ERA5,zarr_forecast,93,freeze
1026,,,surface_air_temperature,OnsetME,ERA5,zarr_forecast,93,freeze
1027,,,surface_air_temperature,DurationME,ERA5,zarr_forecast,93,freeze
1028,,,surface_air_temperature,DurationME,ERA5,zarr_forecast,93,freeze
1029,,,surface_air_temperature,DurationME,ERA5,zarr_forecast,93,freeze
1030,,,surface_air_temperature,DurationME,ERA5,zarr_forecast,93,freeze
1031,,,surface_air_temperature,DurationME,ERA5,zarr_forecast,93,freeze
1032,,,surface_air_temperature,DurationME,ERA5,zarr_forecast,93,freeze
1033,,,surface_air_temperature,DurationME,ERA5,zarr_forecast,93,freeze
1034,,,surface_air_temperature,DurationME,ERA5,zarr_forecast,93,freeze
1035,,,surface_air_temperature,DurationME,ERA5,zarr_forecast,93,freeze
1036,,,surface_air_temperature,DurationME,ERA5,zarr_forecast,93,freeze
1037,,,surface_air_temperature,DurationME,ERA5,zarr_forecast,93,freeze
1038,,,surface_air_temperature,DurationME,ERA5,zarr_forecast,93,freeze
1039,,,surface_air_temperature,DurationME,ERA5,zarr_forecast,93,freeze
1040,,,surface_air_temperature,DurationME,ERA5,zarr_forecast,93,freeze
1041,,,surface_air_temperature,DurationME,ERA5,zarr_forecast,93,freeze
1042,,,surface_air_temperature,DurationME,ERA5,zarr_forecast,93,freeze
1043,,,surface_air_temperature,DurationME,ERA5,zarr_forecast,93,freeze
1044,,,surface_air_temperature,DurationME,ERA5,zarr_forecast,93,freeze
1045,,,surface_air_temperature,DurationME,ERA5,zarr_forecast,93,freeze
1046,,,surface_air_temperature,DurationME,ERA5,zarr_forecast,93,freeze
1047,,,surface_air_temperature,DurationME,ERA5,zarr_forecast,93,freeze
1048,,,surface_air_temperature,DurationME,ERA5,zarr_forecast,93,freeze
1049,,,surface_air_temperature,DurationME,ERA5,zarr_forecast,93,freeze
1050,,,surface_air_temperature,DurationME,ERA5,zarr_forecast,93,freeze
1051,,,surface_air_temperature,DurationME,ERA5,zarr_forecast,93,freeze
1052,,,surface_air_temperature,DurationME,ERA5,zarr_forecast,93,freeze
1053,,,surface_air_temperature,DurationME,ERA5,zarr_forecast,93,freeze
1054,,,surface_air_temperature,DurationME,ERA5,zarr_forecast,93,freeze
1055,,,surface_air_temperature,DurationME,ERA5,zarr_forecast,93,freeze
1056,,,surface_air_temperature,DurationME,ERA5,zarr_forecast,93,freeze
1057,,,surface_air_temperature,DurationME,ERA5,zarr_forecast,93,freeze
1058,,,surface_air_temperature,DurationME,ERA5,zarr_forecast,93,freeze
1059,,,surface_air_temperature,DurationME,ERA5,zarr_forecast,93,freeze
1060,,,surface_air_temperature,DurationME,ERA5,zarr_forecast,93,freeze
1061,,,surface_air_temperature,DurationME,ERA5,zarr_forecast,93,freeze
1062,,,surface_air_temperature,DurationME,ERA5,zarr_forecast,93,freeze
1063,,,surface_air_temperature,DurationME,ERA5,zarr_forecast,93,freeze
1064,,,surface_air_temperature,DurationME,ERA5,zarr_forecast,93,freeze
1065,,,surface_air_temperature,DurationME,ERA5,zarr_forecast,93,freeze
